view1,view2,rows,lott_valid,diagnostics_finite,sdp_optimal,rank_one_1e-7,agreement_scaled_1e-8,max_lott_primal_scaled_gap,max_lott_extracted_scaled_gap,max_tail_spectral_ratio,max_psd_violation_ratio,max_extracted_constraint_residual,max_primal_infeasibility,max_dual_infeasibility,max_duality_gap_scaled
1,2,257,257,257,257,257,257,1.7139353011928066e-10,6.203265678905723e-11,4.881880611724888e-11,4.881880611724888e-11,1.6653345369377348e-16,1.369758217313082e-10,5.62415048496874e-11,3.1422427746933973e-10
1,3,142,142,142,142,142,142,1.7203732305167298e-10,5.956490856107166e-11,4.6247130279882066e-11,4.6247130279882066e-11,2.220446049250313e-16,5.450649040068732e-10,1.044683673222962e-10,5.499017063395221e-10
1,4,81,81,81,81,81,81,3.091546638469216e-10,1.6757706333692113e-11,8.194703559859273e-11,8.194703559859273e-11,2.220446049250313e-16,7.467326028995411e-10,1.7368384572070624e-10,9.784277770245175e-10
1,5,50,50,50,50,50,50,2.8315780108572703e-10,1.1428856383206561e-10,4.790605501431671e-11,4.790605501431671e-11,1.6653345369377348e-16,4.683088955898393e-10,8.300915829335569e-11,5.299987052092392e-10
1,6,32,32,32,32,32,32,3.6358109232436097e-10,5.772175515560248e-11,8.384739256896155e-11,8.384739256896155e-11,3.3306690738754696e-16,7.48890197026066e-10,1.741219216955602e-10,9.809755676773072e-10
1,7,24,24,24,24,24,24,1.6539301005147333e-10,2.3088789716207212e-11,5.024469133128573e-11,5.024469133128573e-11,2.7755575615628914e-16,2.7345212039747425e-10,7.727051676093001e-11,5.436181623100434e-10
1,8,8,8,8,8,8,8,1.2942909938251645e-10,1.384859772992571e-11,4.600268750367298e-11,4.600268750367298e-11,2.220446049250313e-16,2.3074390681873904e-10,6.818896327861794e-11,5.174425296934128e-10
1,9,3,3,3,3,3,3,7.587844264238422e-11,5.340806708395069e-11,1.5113264232392545e-11,1.5113264232392545e-11,5.551115123125783e-17,4.8363666309600215e-11,1.774807225855097e-11,9.06490856502608e-11
1,10,2,2,2,2,2,2,2.4246242364828137e-11,1.6278645098566358e-12,4.823091605946045e-12,4.823091605946045e-12,2.7755575615628914e-17,5.371956519832251e-11,1.0650526272744396e-11,5.6267142701773273e-11
1,11,1,1,1,1,1,1,4.075628540903498e-10,1.6038242723041007e-11,7.145090519228388e-11,7.145090519228388e-11,1.1657341758564144e-15,9.363234791231382e-10,1.7861861843708817e-10,9.401887951626813e-10
1,12,1,1,1,1,1,1,2.9220560275441344e-11,2.214887674611141e-11,1.2109638567255854e-12,1.2109638567255854e-12,2.220446049250313e-16,1.5391070294354013e-11,2.8883985695656957e-12,1.5213261064416862e-11
1,13,1,1,1,1,1,1,2.3163017923327916e-10,8.93052226802573e-12,3.040035042013053e-11,3.040035042013053e-11,8.881784197001252e-16,4.3275784740292585e-10,7.695969046120874e-11,4.012669747822575e-10
1,14,1,1,1,1,1,1,3.4146035947787753e-10,5.8284773381713285e-12,5.7180778144186143e-11,5.7180778144186143e-11,2.3869795029440866e-15,7.552584029271001e-10,1.3999265283518633e-10,7.391021650251921e-10
1,15,1,1,1,1,1,1,4.462293123391059e-10,3.1339591551912664e-12,7.45135034148029e-11,7.45135034148029e-11,3.552713678800501e-15,9.721516671000954e-10,1.8130526073983587e-10,9.562426093013412e-10
1,16,1,1,1,1,1,1,4.0287653777255745e-11,5.58677096114611e-11,3.310918239836413e-12,3.310918239836413e-12,1.1102230246251565e-16,3.5103604250232546e-11,7.2368967262175486e-12,3.853907505850866e-11
1,17,1,1,1,1,1,1,8.330642832886541e-12,3.782626046858735e-11,1.261188073674903e-11,1.261188073674903e-11,1.1102230246251565e-16,9.275818315661861e-11,2.2799745642867168e-11,1.392440531884282e-10
1,18,1,1,1,1,1,1,1.2688292085144806e-10,3.978000498308e-12,4.1932835862118414e-11,4.1932835862118414e-11,9.992007221626409e-16,1.9748192223738495e-10,6.046862508492906e-11,4.905328062396102e-10
1,19,1,1,1,1,1,1,8.808365148382791e-11,6.052908174680738e-11,1.4631705615710316e-11,1.4631705615710316e-11,2.220446049250313e-16,4.956586929861229e-11,1.8608638691765705e-11,1.1566838826852168e-10
1,20,1,1,1,1,1,1,5.433786059994006e-11,1.5823207327736455e-11,1.980405283669256e-11,1.980405283669256e-11,4.163336342344337e-17,4.6758560045146436e-11,2.2762948381699188e-11,1.9750999038281206e-11
1,21,1,1,1,1,1,1,2.4974397550003857e-11,3.192216629921418e-11,1.6155293486212815e-11,1.6155293486212815e-11,2.7755575615628914e-17,3.857866112104456e-11,1.8685613686038755e-11,1.7645118195864476e-11
2,3,242,242,242,242,242,242,1.7189783277360426e-10,5.108735656733643e-11,4.696394914710358e-11,4.696394914710358e-11,1.6653345369377348e-16,1.1525198656630532e-10,5.4123895840874706e-11,2.0364579349820226e-10
2,4,135,135,135,135,135,135,1.7074922031845574e-10,5.429456884087358e-11,5.058992031654104e-11,5.058992031654104e-11,1.6653345369377348e-16,2.6227849259100186e-10,7.504505432455494e-11,5.387641241697802e-10
2,5,73,73,73,73,73,73,1.8969423930373952e-10,4.240570059013526e-11,4.9421856363495105e-11,4.9421856363495105e-11,1.6653345369377348e-16,2.829181182840311e-10,7.778409931443985e-11,5.247842301207986e-10
2,6,49,49,49,49,49,49,2.0280149917252964e-10,5.0073574582325784e-11,6.195096881964955e-11,4.590400533225887e-11,3.3306690738754696e-16,9.096386398723138e-10,9.036400102445589e-11,5.15560520281378e-10
2,7,33,33,33,33,33,33,2.00047978182738e-10,9.237599574163369e-11,4.8136020534516297e-11,4.8136020534516297e-11,1.6653345369377348e-16,3.6683418421303437e-10,7.250842666821605e-11,5.314747407963499e-10
2,8,12,12,12,12,12,12,1.5186378695374037e-10,6.91914330832255e-11,4.2364107978731477e-11,4.2364107978731477e-11,1.1102230246251565e-16,1.353577458351791e-10,4.8061800502023015e-11,3.335910022253379e-10
2,9,5,5,5,5,5,5,1.667177290318178e-10,3.356465081269666e-11,4.62339201168802e-11,4.62339201168802e-11,3.3306690738754696e-16,4.0297770596450185e-10,7.358045676675017e-11,3.886844728913855e-10
2,10,4,4,4,4,4,4,1.9258425847646987e-10,3.790022268114605e-12,3.500533149721827e-11,3.500533149721827e-11,5.551115123125783e-16,3.99811273480373e-10,7.23708850138005e-11,3.7983743353184773e-10
2,11,1,1,1,1,1,1,3.4815838402495243e-10,1.8446002317748373e-11,4.684288265929251e-11,4.684288265929251e-11,7.771561172376096e-16,7.30161182049941e-10,1.2638086381614444e-10,6.550228291563151e-10
2,12,1,1,1,1,1,1,4.505918596895269e-10,1.504814643347117e-11,5.419921241412594e-11,5.419921241412594e-11,1.2212453270876722e-15,8.99281692164917e-10,1.5288245712423315e-10,7.897660718481218e-10
2,13,1,1,1,1,1,1,3.9875074473742275e-11,3.318000517506403e-11,8.312926535278188e-13,8.312926535278188e-13,5.551115123125783e-17,1.6506542317696602e-11,2.635076319571757e-12,1.3398336752976855e-11
2,14,1,1,1,1,1,1,1.4925031695957793e-11,2.1007428918173067e-11,7.477183355048689e-13,7.477183355048689e-13,5.551115123125783e-17,1.3759259736167802e-11,2.2561790616870487e-12,1.1560176909356124e-11
2,15,1,1,1,1,1,1,2.9615045545173874e-11,2.3026424907650023e-11,8.158332430061054e-13,8.158332430061054e-13,1.1102230246251565e-16,1.580590319564115e-11,2.543123958598931e-12,1.2974755367721626e-11
2,16,1,1,1,1,1,1,3.8450208700405364e-10,1.2117401611714912e-11,5.010491473326058e-11,5.010491473326058e-11,2.275957200481571e-15,7.995354293837254e-10,1.3745038036785274e-10,7.115008028652052e-10
2,17,1,1,1,1,1,1,1.0636970239477199e-11,2.35897960600919e-11,7.895020818403406e-12,7.895020818403406e-12,4.996003610813204e-16,2.1331342186479628e-10,4.126866533942815e-11,2.1725355345207737e-10
2,18,1,1,1,1,1,1,1.6643474411370518e-11,2.103198932075165e-11,5.235342818742809e-12,5.006596954826198e-12,5.551115123125783e-17,4.4407928136132976e-11,9.917034142561742e-12,4.671052919346362e-11
2,19,1,1,1,1,1,1,1.53734071324745e-10,4.8233264346157413e-11,6.757826639378888e-11,6.757826639378888e-11,3.885780586188048e-16,4.4107453915832353e-10,1.132898505474313e-10,6.978682958122055e-10
2,20,1,1,1,1,1,1,2.189465275748148e-10,1.2951151262541316e-10,3.3475115461876245e-11,3.3475115461876245e-11,7.216449660063518e-16,1.4050151711126388e-10,4.602214250006496e-11,3.47367596846895e-10
2,21,1,1,1,1,1,1,3.546146709609843e-11,3.158390216029261e-11,3.2467446966039303e-12,3.2467446966039303e-12,5.551115123125783e-17,5.630557233269848e-11,2.3018181150513418e-11,1.282702755978672e-10
3,4,229,229,229,229,229,229,1.8403291390800547e-10,7.074651975358393e-11,5.057146189606488e-11,5.057146189606488e-11,1.6653345369377348e-16,1.241058770315583e-10,5.824310564559553e-11,2.7473534948516603e-10
3,5,120,120,120,120,120,120,2.1569044479712403e-10,1.1343437300581627e-10,5.073398451203163e-11,5.073398451203163e-11,2.220446049250313e-16,2.812442087453105e-10,7.868366418810156e-11,5.449790012603347e-10
3,6,72,72,72,72,72,72,2.0221448962474707e-10,7.109844623965277e-11,5.007721713496831e-11,5.007721713496831e-11,2.220446049250313e-16,2.6054836991239193e-10,7.43926172230527e-11,5.370175349734049e-10
3,7,51,51,51,51,51,51,2.2609948171869076e-10,9.499499217826105e-11,4.7593258900364035e-11,4.7593258900364035e-11,1.6653345369377348e-16,2.4508478501824674e-10,7.138337852299518e-11,5.279652158937013e-10
3,8,22,22,22,22,22,22,1.6211727446591162e-10,5.4941743339698506e-11,4.409840522817294e-11,4.409840522817294e-11,1.6653345369377348e-16,1.0040527963796258e-10,4.991336616914177e-11,2.04619555328545e-10
3,9,8,8,8,8,8,8,3.0602145605112613e-10,2.504007435990506e-11,8.528811800227247e-11,8.528811800227247e-11,4.996003610813204e-16,7.439826214630578e-10,1.6559439737160933e-10,8.913028301092692e-10
3,10,7,7,7,7,7,7,1.293251200573664e-10,7.941622344960645e-11,4.079853208400974e-11,4.079853208400974e-11,1.1102230246251565e-16,3.19951297606133e-10,7.08145636515689e-11,3.761719847025517e-10
3,11,3,3,3,3,3,3,1.5722731189909966e-10,1.9436903393690388e-11,4.326350490298185e-11,4.326350490298185e-11,5.551115123125783e-17,1.1547653324873258e-10,4.898035723718862e-11,1.3531957418415432e-10
3,12,2,2,2,2,2,2,2.2714105058615288e-11,2.071378247655147e-11,8.24321507919735e-12,8.24321507919735e-12,0.0,8.331932349264125e-11,1.7551171711186924e-11,9.675914911465906e-11
3,13,1,1,1,1,1,1,1.816203245702562e-11,2.461798022239718e-12,3.932714064432245e-12,3.932714064432245e-12,5.551115123125783e-17,4.4896673067213795e-11,8.815245591771689e-12,4.6309022724470136e-11
3,14,1,1,1,1,1,1,6.196949522392899e-12,3.156612748389435e-11,5.0042253361099526e-12,5.0042253361099526e-12,2.220446049250313e-16,5.2685384945970636e-11,1.0768893451644097e-11,5.763357007244856e-11
3,15,1,1,1,1,1,1,6.918459298786009e-11,4.2798288495979916e-11,5.020681882093362e-12,5.020681882093362e-12,5.551115123125783e-17,5.5614861297655855e-11,1.1059423080273253e-11,5.845914247238679e-11
3,16,1,1,1,1,1,1,7.506118405552925e-11,4.3699175365628736e-11,1.2467554999926293e-11,1.2467554999926293e-11,4.440892098500626e-16,1.579271151391786e-10,3.3726588260083515e-11,1.753414119459948e-10
3,17,1,1,1,1,1,1,3.169355140721551e-11,2.4822672610029432e-11,1.619930535869958e-12,1.619930535869958e-12,2.220446049250313e-16,1.2473114499719031e-11,3.016513565095657e-12,1.863223523273087e-11
3,18,1,1,1,1,1,1,1.6451709554427254e-10,1.3123390755270989e-11,5.0736160194097644e-11,5.0736160194097644e-11,1.4432899320127035e-15,2.857728259711927e-10,7.926643701236381e-11,5.41850079158952e-10
3,19,1,1,1,1,1,1,6.586198253444309e-11,5.252531742883093e-11,3.921700130179533e-11,3.921700130179533e-11,7.771561172376096e-16,1.773344796545866e-10,5.5581723947114676e-11,4.490618258521532e-10
3,20,1,1,1,1,1,1,1.8199552975772804e-11,4.044520274248953e-11,1.2396132302145032e-11,1.2396132302145032e-11,1.6653345369377348e-16,4.0734333112153165e-11,1.5605579920198028e-11,9.441817853572986e-11
3,21,1,1,1,1,1,1,2.4900692618956555e-11,2.075334348816682e-11,1.7915144453530787e-12,1.7915144453530787e-12,2.7755575615628914e-17,4.659291554672987e-12,2.1023188334964265e-12,7.127760613152686e-12
4,5,229,229,229,229,229,229,1.7140119662126252e-10,3.9247716188128834e-11,5.1114243850312226e-11,5.1114243850312226e-11,1.6653345369377348e-16,1.416780473215727e-10,5.886232874331805e-11,3.2511960286865615e-10
4,6,130,130,130,130,130,130,1.7162209228850404e-10,5.0183301958384163e-11,4.8199363161487446e-11,4.8199363161487446e-11,1.6653345369377348e-16,2.508718092423693e-10,7.263888721086847e-11,5.318925950682342e-10
4,7,83,83,83,83,83,83,1.7149039076543246e-10,3.041400464809385e-11,5.089129877179571e-11,5.089129877179571e-11,1.6653345369377348e-16,2.8502848651871293e-10,7.930139343375261e-11,5.446181252656511e-10
4,8,39,39,39,39,39,39,2.7395301499378747e-10,1.3457783877233453e-10,5.0231498023015276e-11,5.0231498023015276e-11,4.996003610813204e-16,2.7324576155067516e-10,7.723289911532928e-11,5.435843084567879e-10
4,9,12,12,12,12,12,12,1.6494724661662852e-10,4.741701325057231e-11,5.3986513240636846e-11,5.3986513240636846e-11,1.6653345369377348e-16,3.780106821190806e-10,9.599546300213574e-11,5.834113067920576e-10
4,10,10,10,10,10,10,10,1.2552713903046797e-10,5.8036900717185735e-11,5.1355741289166045e-11,5.1355741289166045e-11,3.885780586188048e-16,4.804762220266141e-10,1.2499755511534118e-10,7.835226251369208e-10
4,11,4,4,4,4,4,4,1.471131814458071e-10,5.980734573747749e-11,4.0641260450228286e-11,4.0641260450228286e-11,8.326672684688674e-17,9.231808729964587e-11,4.614207338726724e-11,2.822356311775144e-11
4,12,2,2,2,2,2,2,8.334780813180817e-11,7.217069625251006e-11,4.8198053208374195e-11,4.8198053208374195e-11,3.3306690738754696e-16,6.554897292776443e-10,1.5327936798603674e-10,8.623337382867046e-10
4,13,1,1,1,1,1,1,4.302134904644623e-11,3.519451836433877e-11,2.296986464962618e-12,2.296986464962618e-12,0.0,2.193408133336575e-11,4.67577483317392e-12,2.458936856698011e-11
4,14,1,1,1,1,1,1,1.952409342502975e-12,3.483209192292772e-11,2.066847209564944e-11,2.066847209564944e-11,3.3306690738754696e-16,3.19041741244306e-10,7.058494044576375e-11,3.752148284606697e-10
4,15,1,1,1,1,1,1,6.586159881244758e-11,2.977391455139826e-11,7.022046456312845e-12,7.022046456312845e-12,1.1102230246251565e-16,7.325465557110465e-11,1.537543555124259e-11,8.419583757975291e-11
4,16,1,1,1,1,1,1,2.0298233202065468e-11,1.407324688556567e-11,2.1218759889307453e-11,2.1218759889307453e-11,2.220446049250313e-16,3.258164521318112e-10,7.201195834688762e-11,3.826013926332148e-10
4,17,1,1,1,1,1,1,4.170868991462996e-11,4.920547283322534e-11,1.7665353284977338e-12,1.7665353284977338e-12,5.551115123125783e-17,1.3589998849798054e-11,3.2885349269251776e-12,2.0308699949278152e-11
4,18,1,1,1,1,1,1,1.0904143606279593e-10,2.5882564529064958e-11,2.7973780741833522e-11,2.7973780741833522e-11,6.661338147750939e-16,1.7309045333478446e-10,4.5629183445920914e-11,2.902941276404977e-10
4,19,1,1,1,1,1,1,1.6914113911957662e-10,1.797653839998466e-11,5.0509925138639895e-11,5.0509925138639895e-11,1.4988010832439613e-15,2.7790276104577103e-10,7.806957891777626e-11,5.441428884511387e-10
4,20,1,1,1,1,1,1,1.6084744647315574e-10,4.315248158803797e-11,3.909749958364189e-11,3.909749958364189e-11,7.216449660063518e-16,1.7648448046742655e-10,5.53716381375059e-11,4.4666534586955295e-10
4,21,1,1,1,1,1,1,1.1028755686481873e-10,5.5938254028831125e-11,2.399438405518405e-11,2.399438405518405e-11,4.440892098500626e-16,9.110348114178266e-11,3.1758577498846805e-11,2.1871837264807578e-10
5,6,219,219,219,219,219,219,2.2041313219034464e-10,1.7046930533837212e-10,4.798715999335633e-11,4.798715999335633e-11,1.6653345369377348e-16,2.727801905026828e-10,5.52920355139916e-11,4.1692956222814677e-10
5,7,128,128,128,128,128,128,1.7069532419478062e-10,5.211919784642305e-11,4.932424686963431e-11,4.932424686963431e-11,1.1102230246251565e-16,2.8261670930343935e-10,7.766501613350017e-11,5.235893912936082e-10
5,8,70,70,70,70,70,70,1.8925100527539805e-10,7.214462360849438e-11,4.6242476843694525e-11,4.6242476843694525e-11,1.6653345369377348e-16,2.4576326001300626e-10,6.64635378686522e-11,5.11588664467038e-10
5,9,27,27,27,27,27,27,1.6719938628062536e-10,1.6192602814157908e-11,4.979217221537784e-11,4.979217221537784e-11,1.6653345369377348e-16,2.677207059792936e-10,7.615179747242733e-11,5.414412967117347e-10
5,10,21,21,21,21,21,21,2.2028505927300307e-10,8.981001878294246e-11,5.0840650292787624e-11,5.0840650292787624e-11,1.6653345369377348e-16,2.839693720382944e-10,7.912398835641404e-11,5.446020920181068e-10
5,11,9,9,9,9,9,9,1.0777184700216935e-10,5.718184072262478e-11,4.902587516480606e-11,4.902587516480606e-11,5.551115123125783e-17,2.5923940684952846e-10,7.441120928586295e-11,5.370332357429877e-10
5,12,6,6,6,6,6,6,2.0345202065522792e-10,5.5956499540153594e-11,4.891465692402974e-11,4.891465692402974e-11,2.7755575615628914e-16,2.580877302972983e-10,7.417477543050544e-11,5.363467215313615e-10
5,13,5,5,5,5,5,5,1.164788311951807e-10,8.90585441896928e-11,3.806113440090016e-11,3.806113440090016e-11,1.6653345369377348e-16,1.932609755063897e-10,5.35699310796263e-11,4.2624477397143585e-10
5,14,4,4,4,4,4,4,1.627604136536509e-10,1.1926255417118056e-12,4.492694540760302e-11,4.492694540760302e-11,4.440892098500626e-16,2.349028817124734e-10,6.284798788007159e-11,4.079313890611116e-10
5,15,3,3,3,3,3,3,1.4954536654149253e-10,2.5133885045591664e-11,4.20969251360528e-11,4.20969251360528e-11,6.106226635438361e-16,2.9353061505935643e-10,7.297533190691199e-11,4.314671878661115e-10
5,16,2,2,2,2,2,2,8.774014848000888e-11,3.198774578550001e-11,3.948817205543807e-11,3.948817205543807e-11,4.996003610813204e-16,4.729739187832792e-10,1.2312764558907776e-10,7.709807186465063e-10
5,17,2,2,2,2,2,2,1.7566660390056672e-10,2.4665429049451066e-11,5.0415431559255964e-11,5.0415431559255964e-11,8.326672684688674e-16,2.7613292152050984e-10,7.776083344113909e-11,5.440875054751842e-10
5,18,1,1,1,1,1,1,9.057424712574807e-11,4.666385970352911e-11,4.466133340026879e-11,4.466133340026879e-11,6.661338147750939e-16,2.1937856169317152e-10,6.559203235469568e-11,5.084487972612397e-10
5,19,1,1,1,1,1,1,1.8468894773628882e-10,5.521125381503653e-11,4.1319507236133465e-11,4.1319507236133465e-11,8.326672684688674e-16,1.9274354349614126e-10,5.93391553696232e-11,4.866326650987243e-10
5,20,1,1,1,1,1,1,1.333354537891296e-10,3.5423664002109945e-11,3.5333868225369616e-11,3.5333868225369616e-11,5.551115123125783e-16,1.516292191385476e-10,4.90107217209671e-11,3.775051043017187e-10
5,21,1,1,1,1,1,1,1.0088052615486731e-10,3.072653242952583e-11,2.8627344927356735e-11,2.8627344927356735e-11,4.996003610813204e-16,1.1401817715084864e-10,3.856550019823254e-11,2.77464230597867e-10
6,7,219,219,219,219,219,219,1.754887784567727e-10,1.5326462321496592e-10,5.015221851982036e-11,5.015221851982036e-11,1.1102230246251565e-16,1.3545095103854245e-10,5.776463844567868e-11,3.338315514910493e-10
6,8,124,124,124,124,124,124,1.6931890611804334e-10,6.402556262941062e-11,5.020573963186468e-11,5.020573963186468e-11,1.6653345369377348e-16,4.829899313238987e-10,1.176684431268059e-10,7.279664377175355e-10
6,9,55,55,55,55,55,55,1.699723708135925e-10,7.025036108387894e-11,4.6599409446557926e-11,4.6599409446557926e-11,1.6653345369377348e-16,1.904677779994289e-10,5.879820357272617e-11,4.848711917905616e-10
6,10,37,37,37,37,37,37,1.800046498877929e-10,4.045008772379788e-11,4.916727699681536e-11,4.916727699681536e-11,1.6653345369377348e-16,2.8121767195082524e-10,7.713275858216575e-11,5.378964088311347e-10
6,11,17,17,17,17,17,17,1.6856971677900456e-10,8.982220522923967e-11,4.5949996413647806e-11,4.5949996413647806e-11,2.220446049250313e-16,1.2512275394957957e-10,5.201442505067681e-11,2.8669384398401364e-10
6,12,11,11,11,11,11,11,1.4889681675123168e-10,3.3218428008296996e-12,4.117678248881381e-11,4.117678248881381e-11,1.1102230246251565e-16,1.1180574321658646e-10,4.664760561860401e-11,2.717168284641059e-10
6,13,9,9,9,9,9,9,1.4513749439459696e-10,4.0498604469974e-11,4.590990532794327e-11,4.590990532794327e-11,1.6653345369377348e-16,2.299404161918805e-10,6.801296705611185e-11,5.168271662034246e-10
6,14,6,6,6,6,6,6,1.1435608709975398e-10,4.460404832046887e-11,4.779477543880298e-11,4.779477543880298e-11,1.6653345369377348e-16,2.470219741062751e-10,7.17999775959461e-11,5.292481494952047e-10
6,15,4,4,4,4,4,4,1.1421442302191484e-10,1.0647704939970026e-11,3.940733250178925e-11,3.940733250178925e-11,4.440892098500626e-16,2.5448377559301405e-10,6.585323137460945e-11,4.48559648879644e-10
6,16,2,2,2,2,2,2,1.0550194051717199e-10,1.5749845871937396e-11,3.355102645274053e-11,3.355102645274053e-11,2.7755575615628914e-16,1.409165727764117e-10,4.614003242751162e-11,3.4847385941702256e-10
6,17,2,2,2,2,2,2,6.064471147482209e-11,9.52338208293213e-12,2.29758109027034e-11,2.29758109027034e-11,1.1102230246251565e-16,8.628282126408302e-11,3.028336860095457e-11,2.0654343826173132e-10
6,18,1,1,1,1,1,1,2.9336866269602524e-11,7.452594097401288e-12,1.8127039181045382e-11,1.8127039181045382e-11,2.220446049250313e-16,6.433973227585279e-11,2.342312746591989e-11,1.5179038597366374e-10
6,19,1,1,1,1,1,1,1.342159716699598e-11,2.3389512548988023e-11,1.8134775924971123e-11,1.8134775924971123e-11,1.6653345369377348e-16,6.437277870175186e-11,2.343352297844465e-11,1.518767365178261e-10
6,20,1,1,1,1,1,1,1.4736456499520045e-10,1.0860912169619041e-10,1.882653820146917e-11,1.882653820146917e-11,1.6653345369377348e-16,6.741533250007747e-11,2.4402465214299593e-11,1.59384735363093e-10
6,21,1,1,1,1,1,1,5.614952947041729e-12,3.542566240355427e-11,1.9624540193016476e-11,1.9624540193016476e-11,3.3306690738754696e-16,7.095775249693821e-11,2.5522559263699018e-11,1.6817540737426746e-10
7,8,227,227,227,227,227,227,1.8206115261210076e-10,1.6730056229263823e-10,5.0175581976765496e-11,5.0175581976765496e-11,1.6653345369377348e-16,1.4924019968258134e-10,5.7790817298725436e-11,3.709841656720567e-10
7,9,111,111,111,111,111,111,1.6873177822399749e-10,2.0535129152676745e-11,4.658588057830509e-11,4.658588057830509e-11,1.1102230246251565e-16,1.3220990122381188e-10,5.274457747088013e-11,3.171188030371006e-10
7,10,62,62,62,62,62,62,1.6887728419017216e-10,1.6962957558403552e-11,5.0850566280187756e-11,5.0850566280187756e-11,1.1102230246251565e-16,2.8421963341700694e-10,7.916382388180076e-11,5.445714066839322e-10
7,11,28,28,28,28,28,28,1.6876264535142793e-10,2.928951525760226e-11,4.9140214117364475e-11,4.9140214117364475e-11,1.1102230246251565e-16,1.6283347281319442e-10,5.66085893027967e-11,4.083407218553545e-10
7,12,16,16,16,16,16,16,1.6783539358647404e-10,2.5401181158457575e-11,4.658644136247691e-11,4.658644136247691e-11,1.1102230246251565e-16,1.0714991125975231e-10,5.2745885966317977e-11,2.597031452453754e-10
7,13,13,13,13,13,13,13,2.3312474173309283e-10,1.4923884350537264e-10,4.5518175302135313e-11,4.5518175302135313e-11,5.551115123125783e-17,2.265519820058915e-10,6.723981507190832e-11,5.142330557576734e-10
7,14,9,9,9,9,9,9,1.7911887160142852e-10,3.9063899782439726e-11,4.7053195481926266e-11,4.7053195481926266e-11,1.6653345369377348e-16,2.7402407620799565e-10,7.46432303495295e-11,4.96802521926884e-10
7,15,7,7,7,7,7,7,2.807629455251199e-10,1.2143408500975283e-10,7.954521552761997e-11,7.954521552761997e-11,7.216449660063518e-16,6.037999902641391e-10,1.4568285175256275e-10,9.019406673860539e-10
7,16,3,3,3,3,3,3,1.9317170423463378e-10,1.0582756893029455e-11,3.266993563356938e-11,3.266993563356938e-11,2.7755575615628914e-16,4.028841246214845e-10,7.288928197268043e-11,3.8239081612945735e-10
7,17,2,2,2,2,2,2,3.0047143393005446e-11,2.577763003053235e-11,8.195656813546785e-13,8.195656813546785e-13,5.551115123125783e-17,1.6110275045909778e-11,2.582442855606608e-12,1.313810170738294e-11
7,18,1,1,1,1,1,1,1.1058681748110644e-11,1.7639306681971334e-11,3.738640611622979e-12,3.738640611622979e-12,0.0,1.2015056482262316e-11,5.339280425305164e-12,2.4283208242177632e-11
7,19,1,1,1,1,1,1,7.572553695212036e-12,2.3451740549518263e-11,2.0970520473147862e-11,2.0970520473147862e-11,5.551115123125783e-17,6.118928259993689e-11,2.690478436889966e-11,1.339175507322081e-10
7,20,1,1,1,1,1,1,3.8997971518739405e-12,1.6322498908039051e-12,4.081600790192062e-12,4.081600790192062e-12,0.0,2.25177845700874e-11,9.564807417355228e-12,5.106211810199685e-11
7,21,1,1,1,1,1,1,3.89427379232643e-12,1.2972956042744954e-12,2.1348102930133228e-12,2.1348102930133228e-12,0.0,3.513528359761007e-11,1.4412402960181008e-11,7.993135892463368e-11
8,9,207,207,207,207,207,207,1.731409441816864e-10,8.165967901874183e-11,4.926612955418297e-11,4.926612955418297e-11,2.220446049250313e-16,1.2726165192158352e-10,5.67525419706503e-11,3.103100650986638e-10
8,10,121,121,121,121,121,121,1.685063848438223e-10,2.4270141452120697e-11,4.985952850027175e-11,4.985952850027175e-11,2.220446049250313e-16,2.68507295447102e-10,7.631525882838331e-11,5.418048785211972e-10
8,11,60,60,60,60,60,60,1.6756856752869753e-10,9.005074463885876e-12,4.9444920388688004e-11,4.9444920388688004e-11,1.6653345369377348e-16,2.6374056124027856e-10,7.534240189102043e-11,5.395246501527436e-10
8,12,37,37,37,37,37,37,1.8038618758657343e-10,3.2687012586130857e-11,4.955479574684027e-11,4.955479574684027e-11,1.1102230246251565e-16,2.933252954664728e-10,7.795267207528216e-11,5.264235106127167e-10
8,13,26,26,26,26,26,26,1.6776255514980298e-10,3.403866077889006e-11,4.607994995311115e-11,4.607994995311115e-11,1.6653345369377348e-16,1.5317104153341223e-10,5.2163061975225256e-11,3.817023414326095e-10
8,14,20,20,20,20,20,20,1.99294316879624e-10,8.093037232419909e-11,5.434405246524719e-11,5.434405246524719e-11,1.6653345369377348e-16,6.291138666938955e-10,1.53185298333881e-10,9.477067172385424e-10
8,15,16,16,16,16,16,16,1.682952442769864e-10,7.636473238097168e-11,4.62974119923957e-11,4.62974119923957e-11,1.6653345369377348e-16,2.19336704090846e-10,5.891605258610204e-11,4.852807537984839e-10
8,16,7,7,7,7,7,7,1.839628942440224e-10,1.2291057061020183e-11,3.6510856688150107e-11,3.6510856688150107e-11,2.7755575615628914e-16,3.9720736833560816e-10,7.193726914926258e-11,3.977458883644952e-10
8,17,5,5,5,5,5,5,1.5748047707896669e-10,2.159183942751497e-11,4.839367848928028e-11,4.839367848928028e-11,5.551115123125783e-17,2.793450474747807e-10,7.645720820931532e-11,5.124349859186103e-10
8,18,2,2,2,2,2,2,1.1820176261390092e-10,1.6888768161749113e-11,3.142991397797605e-11,3.142991397797605e-11,2.7755575615628914e-17,7.257357046004731e-11,3.5754377079626253e-11,2.521368774871065e-11
8,19,2,2,2,2,2,2,2.6686763909822275e-11,1.609518074374705e-12,1.6794952869555528e-11,1.6794952869555528e-11,5.551115123125783e-17,5.005680621686447e-11,2.202155801743348e-11,1.0918827394550595e-10
8,20,2,2,2,2,2,2,4.131434083731733e-11,6.876887947981913e-12,1.727221388125872e-11,1.727221388125872e-11,1.6653345369377348e-16,6.06253828427914e-11,2.2232951833554328e-11,1.4266814620272456e-10
8,21,1,1,1,1,1,1,1.2525092074611166e-11,1.9127199823998353e-11,5.902524006670703e-12,5.902524006670703e-12,1.6653345369377348e-16,1.1326465843482874e-10,4.536040124692461e-11,2.592530640605103e-10
9,10,236,236,236,236,236,236,2.6526003615856553e-10,1.641825564391297e-10,4.9366461003542445e-11,4.9366461003542445e-11,1.6653345369377348e-16,1.5570599074633836e-10,5.686594025457211e-11,3.886435902313292e-10
9,11,123,123,123,123,123,123,2.118302836449846e-10,3.417122388193555e-12,5.2008956679943234e-11,5.2008956679943234e-11,2.220446049250313e-16,4.255558057782676e-10,1.1069410129233995e-10,6.912979232587402e-10
9,12,76,76,76,76,76,76,1.7659183273663337e-10,1.5476277676647092e-10,5.070390997574566e-11,5.070390997574566e-11,1.6653345369377348e-16,2.8064642000700806e-10,7.858106152415346e-11,5.449725368647347e-10
9,13,54,54,54,54,54,54,1.7473332013045593e-10,2.920819142104847e-11,5.998909983659461e-11,5.998909983659461e-11,1.6653345369377348e-16,3.921588666061846e-10,1.0066256078390844e-10,6.196390808936796e-10
9,14,38,38,38,38,38,38,1.6425678959347545e-10,1.970201021630563e-11,4.545078742850591e-11,4.545078742850591e-11,7.771561172376096e-16,2.0871079636672682e-10,6.312637752239245e-11,5.000715762286444e-10
9,15,23,23,23,23,23,23,1.593551626038203e-10,1.096250867860249e-10,4.3898879434506186e-11,4.3898879434506186e-11,2.220446049250313e-16,2.29185570995673e-10,6.126355914702166e-11,4.935412912487841e-10
9,16,11,11,11,11,11,11,4.729956972765198e-10,1.166046148526334e-10,5.4995162229654105e-11,5.4995162229654105e-11,6.106226635438361e-16,9.217420614254551e-10,1.5625200922856633e-10,8.728734148836108e-10
9,17,9,9,9,9,9,9,2.2905592443977764e-10,5.349176848731e-11,4.8535512034738705e-11,4.8535512034738705e-11,3.885780586188048e-16,4.0008742654322674e-10,7.66471898424941e-11,5.282781177815178e-10
9,18,4,4,4,4,4,4,1.1630403584650395e-10,2.5818451944512262e-11,3.3768580584182786e-11,3.3768580584182786e-11,5.551115123125783e-17,1.0452390024497159e-10,3.9062969611459354e-11,1.6447593195020656e-10
9,19,4,4,4,4,4,4,2.331718709086667e-10,1.0066826590040232e-10,4.262634868924043e-11,4.262634868924043e-11,2.220446049250313e-16,2.0281016164582546e-10,6.173868737857001e-11,4.951738491150226e-10
9,20,4,4,4,4,4,4,1.7818127172570193e-10,1.2763820242109799e-11,6.155966812488595e-11,6.155966812488595e-11,6.661338147750939e-16,5.605765923146969e-10,1.2474180874657425e-10,6.664242295171583e-10
9,21,1,1,1,1,1,1,2.623368189347275e-11,1.767558321930096e-12,1.6392356147767568e-11,1.6392356147767568e-11,0.0,4.7344151497774804e-11,1.9700124199968003e-11,1.0729500061703252e-10
10,11,218,218,218,218,218,218,1.889028933277359e-10,9.129980105271329e-11,4.660566110691253e-11,4.660566110691253e-11,2.220446049250313e-16,1.7861422580277074e-10,5.590912899686592e-11,4.526625515117373e-10
10,12,128,128,128,128,128,128,3.6856064001498047e-10,1.2234124824317405e-10,5.82099022877317e-11,5.82099022877317e-11,3.3306690738754696e-16,7.683707697219559e-10,1.4247352518407825e-10,7.520980982258275e-10
10,13,83,83,83,83,83,83,1.6964019078358206e-10,5.0570436727070955e-11,4.836813912363385e-11,4.836813912363385e-11,2.7755575615628914e-16,2.5252327503675296e-10,7.299919402656141e-11,5.329656020694652e-10
10,14,56,56,56,56,56,56,1.9143057847880953e-10,5.924172263860328e-11,6.592635249546715e-11,4.6225433182403915e-11,3.3306690738754696e-16,9.462711837905543e-10,9.30775046639083e-11,5.134426380027844e-10
10,15,34,34,34,34,34,34,1.6262094362090584e-10,1.068889421418362e-10,5.172173701192406e-11,5.172173701192406e-11,2.220446049250313e-16,2.6167804984765636e-10,7.492406461512734e-11,5.384147414775147e-10
10,16,16,16,16,16,16,16,2.0505597220221716e-10,8.204059653849072e-11,5.094418451801066e-11,5.094418451801066e-11,1.6653345369377348e-16,6.251584397654767e-10,1.4592391679398287e-10,8.205247838717401e-10
10,17,12,12,12,12,12,12,1.3373816637463065e-10,6.234768257229462e-11,3.894896646278329e-11,3.894896646278329e-11,3.885780586188048e-16,2.7177109744491066e-10,7.027611686001771e-11,4.362588412962534e-10
10,18,5,5,5,5,5,5,1.4643828684379745e-10,1.5706436151674552e-11,4.09154549926792e-11,4.09154549926792e-11,3.3306690738754696e-16,3.93211035460134e-10,1.020874890302024e-10,6.371213070071477e-10
10,19,4,4,4,4,4,4,1.1420826090402514e-10,2.880828389019673e-11,3.855590971797886e-11,3.855590971797886e-11,3.885780586188048e-16,4.6189529587282124e-10,1.2021566138080701e-10,7.523072400890567e-10
10,20,4,4,4,4,4,4,5.672903813369601e-11,4.542338227424584e-11,1.46817424156068e-11,1.46817424156068e-11,1.6653345369377348e-16,3.645858784593385e-11,1.7253465580041885e-11,2.466825374884609e-11
10,21,1,1,1,1,1,1,2.0469015371560317e-11,1.616166922513429e-11,1.5807100111050028e-12,1.5807100111050028e-12,5.551115123125783e-17,4.029147361175181e-12,1.8376721951035607e-12,4.79097757604375e-12
11,12,261,261,261,261,261,261,1.6938045237224753e-10,2.987188274516939e-11,4.660512064707759e-11,4.660512064707759e-11,1.1102230246251565e-16,1.4881383692622186e-10,5.277000987564705e-11,3.6982532596250624e-10
11,13,171,171,171,171,171,171,2.0424506530503095e-10,9.040201920385016e-11,4.7844210974943026e-11,4.7844210974943026e-11,2.220446049250313e-16,5.145389142984269e-10,7.189919608335275e-11,5.296051605363957e-10
11,14,112,112,112,112,112,112,1.7481155954961733e-10,1.9367548952818035e-11,5.850304167566813e-11,5.850304167566813e-11,1.6653345369377348e-16,5.304173060629953e-10,1.1565027680445962e-10,6.095829858404895e-10
11,15,74,74,74,74,74,74,3.9188876658053e-10,8.689038377696079e-11,8.428039078261602e-11,8.428039078261602e-11,2.7755575615628914e-16,6.59563036204495e-10,1.5855811473402273e-10,9.320908097871473e-10
11,16,43,43,43,43,43,43,1.8754316398082913e-10,5.22194509855467e-11,5.003529953643698e-11,5.003529953643698e-11,2.220446049250313e-16,2.8465390540894074e-10,7.852763730158254e-11,5.324458156116078e-10
11,17,27,27,27,27,27,27,2.2501231679269351e-10,3.08247212292615e-11,6.757680031323809e-11,6.757680031323809e-11,2.220446049250313e-16,4.410552657901353e-10,1.1328425816813462e-10,6.978418857448535e-10
11,18,12,12,12,12,12,12,1.6769389045781513e-10,1.0094924896009161e-11,4.9089168699183356e-11,4.9089168699183356e-11,1.6653345369377348e-16,2.599207821457318e-10,7.455526405221145e-11,5.374038792739234e-10
11,19,6,6,6,6,6,6,2.685868284683722e-10,2.1270026309177346e-11,5.593243639018665e-11,5.593243639018665e-11,4.440892098500626e-16,4.786793933830594e-10,1.0884487999968242e-10,6.141493757599429e-10
11,20,4,4,4,4,4,4,7.114771966021394e-11,3.663152036994893e-12,2.2851021933175758e-11,2.2851021933175758e-11,1.6653345369377348e-16,2.990503159712122e-10,6.44902988119387e-11,3.3711509843648157e-10
11,21,1,1,1,1,1,1,1.4619139232507905e-12,2.2694068846362825e-12,1.3403629397337435e-12,1.3403629397337435e-12,2.7755575615628914e-17,3.404028217941866e-12,1.5586836430563663e-12,3.854954354847049e-12
12,13,278,278,278,278,278,278,3.1033731366071597e-10,5.944034153770872e-11,6.167229717977815e-11,6.167229717977815e-11,1.6653345369377348e-16,5.189278430153292e-10,1.1925438583632806e-10,6.353567275216124e-10
12,14,183,183,183,183,183,183,2.8358718322268455e-10,9.81874973385919e-12,5.888164769756664e-11,5.888164769756664e-11,1.6653345369377348e-16,6.781991483196101e-10,1.5866931502832184e-10,8.928812787278735e-10
12,15,110,110,110,110,110,110,1.860166413299714e-10,5.546152426205708e-11,4.988055532674287e-11,4.988055532674287e-11,2.220446049250313e-16,5.335556215658883e-10,1.3916452724025019e-10,8.736602841597916e-10
12,16,62,62,62,62,62,62,2.1423321839774096e-10,8.256373362769409e-11,5.036563991719166e-11,5.036563991719166e-11,1.6653345369377348e-16,2.989054247501927e-10,7.890522459096475e-11,5.438083332040447e-10
12,17,32,32,32,32,32,32,1.6807755144274128e-10,1.5378776012949003e-11,4.6757919466301443e-11,4.6757919466301443e-11,2.220446049250313e-16,2.474490876203704e-10,6.968739296487208e-11,5.224653851054755e-10
12,18,15,15,15,15,15,15,1.4341239247582863e-10,2.87639169188083e-11,4.821445907182273e-11,4.821445907182273e-11,1.1102230246251565e-16,2.5104361981206647e-10,7.267299520528005e-11,5.319703130367552e-10
12,19,6,6,6,6,6,6,3.81472844558521e-10,4.080053973273381e-11,7.867606928347096e-11,7.867606928347096e-11,2.220446049250313e-16,6.605895838100782e-10,1.520653653208625e-10,8.084241824167513e-10
12,20,4,4,4,4,4,4,5.063841494695434e-11,2.7592206649938282e-11,1.0856811747720587e-11,1.0856811747720587e-11,5.551115123125783e-17,4.9443074572440704e-11,1.2793333818105874e-11,5.140469590975366e-11
12,21,1,1,1,1,1,1,3.3660629839005196e-11,2.5946689241607146e-11,7.104428717372307e-12,7.104428717372307e-12,5.551115123125783e-17,1.3943667899703656e-10,5.533133531656796e-11,3.199248828023444e-10
13,14,421,421,421,421,421,421,4.084071969501224e-10,3.0552782526171995e-10,5.1830307674295786e-11,5.1830307674295786e-11,2.220446049250313e-16,2.9233662331319867e-10,7.663511958574625e-11,5.221843677621607e-10
13,15,245,245,245,245,245,245,2.6209318133421934e-10,2.2592134651944187e-11,5.542187889882544e-11,5.542187889882544e-11,2.220446049250313e-16,4.188408272136366e-10,1.0091078344983347e-10,6.091417719684504e-10
13,16,146,146,146,146,146,146,3.1712990973515707e-10,2.2109740166067064e-11,8.547509850435248e-11,8.547509850435248e-11,2.220446049250313e-16,7.372277399275001e-10,1.7128034651080229e-10,9.627267874878217e-10
13,17,75,75,75,75,75,75,2.5520179681449635e-10,1.1684075928997117e-10,5.0582399629512916e-11,5.0582399629512916e-11,2.7755575615628914e-16,2.8580811368395456e-10,7.91379905881016e-11,5.395695008870513e-10
13,18,37,37,37,37,37,37,4.147515272607897e-10,6.781797345922769e-11,5.3543222402251885e-11,5.3543222402251885e-11,2.3869795029440866e-15,8.822540394827566e-10,1.5027714740013136e-10,7.766162161301538e-10
13,19,18,18,18,18,18,18,2.3453456969928134e-10,6.592215662237777e-11,6.026017694210501e-11,6.026017694210501e-11,3.608224830031759e-15,6.574812330117088e-10,1.532773910506904e-10,8.619503305276764e-10
13,20,10,10,10,10,10,10,2.106279595182059e-10,1.0201661737596623e-10,4.740971804432439e-11,3.9596439229887726e-11,2.831068712794149e-15,4.1616143852941064e-10,5.25480786033154e-11,4.1506396652802437e-10
13,21,4,4,4,4,4,4,1.510213646047616e-10,1.2370562607844113e-11,4.76006347963764e-11,4.76006347963764e-11,4.440892098500626e-16,2.451964467546382e-10,7.140191723874793e-11,5.279803307933137e-10
14,15,383,383,383,383,383,383,1.6924215327784875e-10,3.1845026615684446e-11,5.1817269155490254e-11,5.1817269155490254e-11,1.6653345369377348e-16,1.3275798234059857e-10,5.966576157414653e-11,3.0439289722862464e-10
14,16,214,214,214,214,214,214,3.8658277875070007e-10,1.2612666466793598e-10,6.278696746284386e-11,6.278696746284386e-11,1.6653345369377348e-16,8.261404188568905e-10,1.5343581797175648e-10,8.097410901135804e-10
14,17,117,117,117,117,117,117,2.985664738567664e-10,3.800612830294981e-11,6.237337435748187e-11,6.237337435748187e-11,2.7755575615628914e-16,4.742932046606945e-10,1.1421779427944106e-10,6.835630647147915e-10
14,18,63,63,63,63,63,63,2.2407991008692916e-10,4.8604786861972116e-11,6.928632253083592e-11,6.928632253083592e-11,3.3306690738754696e-16,6.274736024752926e-10,1.3686530338512327e-10,7.215730214324329e-10
14,19,32,32,32,32,32,32,1.4691155361462246e-10,9.804612677299929e-11,4.710382237456602e-11,4.710382237456602e-11,8.326672684688674e-16,6.704412306394361e-10,7.038517232159555e-11,5.247505235895145e-10
14,20,22,22,22,22,22,22,1.2856273164107979e-10,9.418843482933426e-11,4.306711532215894e-11,4.306711532215894e-11,1.6653345369377348e-16,2.0627785963515924e-10,6.25549408475372e-11,4.980838239219077e-10
14,21,9,9,9,9,9,9,9.407885581680375e-11,1.3585410574279422e-11,3.692972823436774e-11,3.692972823436774e-11,1.1102230246251565e-16,1.6171826892930487e-10,5.52128655062097e-11,4.052423987360462e-10
14,22,2,2,2,2,2,2,9.42317578134233e-11,1.2915838537574942e-11,2.285345812188204e-11,2.285345812188204e-11,5.551115123125783e-17,5.3557428383635403e-11,2.6169305389626875e-11,8.668264287847522e-11
15,16,364,364,364,364,364,364,2.5073013856028984e-10,1.3973044943327295e-10,5.224493776826214e-11,5.224493776826214e-11,1.6653345369377348e-16,2.0010332283607193e-10,6.110062400675663e-11,4.93013035546637e-10
15,17,195,195,195,195,195,195,1.6922050620569312e-10,2.776762935293552e-11,6.520486824603191e-11,6.520486824603191e-11,1.6653345369377348e-16,5.822644839049684e-10,1.2990536699666337e-10,6.427663877354494e-10
15,18,113,113,113,113,113,113,2.1916970900637752e-10,1.1603051852659974e-11,5.504051596374224e-11,5.504051596374224e-11,1.6653345369377348e-16,6.367898281241229e-10,1.4854421522038198e-10,8.352488608773356e-10
15,19,58,58,58,58,58,58,2.1255808224651673e-10,1.1612755201895197e-10,4.637529263829888e-11,4.637529263829888e-11,1.6653345369377348e-16,4.347395673239835e-10,1.1303388680836246e-10,7.066228489570737e-10
15,20,41,41,41,41,41,41,2.270925305489207e-10,9.473410944593752e-11,9.02156660364945e-11,9.02156660364945e-11,1.6653345369377348e-16,6.237444077186638e-10,1.585737434655593e-10,9.651579925476496e-10
15,21,23,23,23,23,23,23,1.8470536211623312e-10,1.0297207531095864e-10,1.3717109528925945e-10,4.972881270991317e-11,4.668487818548783e-14,5.68450051986113e-10,5.728073234651574e-11,3.639408492215067e-10
15,22,12,12,12,12,12,12,1.5321562296883098e-10,1.1703416014086088e-11,4.4124947289440214e-11,4.4124947289440214e-11,1.4988010832439613e-15,2.148583111690634e-10,6.455561154896003e-11,5.050077515805553e-10
15,23,8,8,8,8,8,8,1.6751032548903422e-10,3.4389713299276536e-11,4.649682439057648e-11,4.649682439057648e-11,3.4139358007223564e-14,2.529171765839423e-10,5.857795098815192e-11,4.840144875018484e-10
15,24,7,7,7,7,7,7,1.6299256822699393e-10,2.2041489595818294e-11,5.041186738693578e-11,5.041186738693578e-11,4.440892098500626e-16,2.8545302565585694e-10,7.894517903509417e-11,5.373475293099116e-10
15,25,7,7,7,7,7,7,1.6596599843130694e-10,4.420197372439267e-11,4.727265576805393e-11,4.727265576805393e-11,3.3806291099836017e-14,4.860914073701902e-10,7.073462066239743e-11,5.258088821711677e-10
15,26,5,5,5,5,5,5,1.163472790333131e-10,1.2481737865499554e-11,3.507739738079821e-11,3.507739738079821e-11,1.6653345369377348e-16,8.616086441693431e-11,4.055679754751689e-11,1.4251151801432505e-10
15,27,2,2,2,2,2,2,3.081657151682293e-11,1.3319956249091547e-11,1.0189913355657994e-11,1.0189913355657994e-11,2.7755575615628914e-16,3.25297759007371e-11,1.2705004277075221e-11,7.49980071988266e-11
15,28,1,1,1,1,1,1,5.0012924357467625e-11,6.802322594090526e-12,1.6132268194172336e-11,1.6132268194172336e-11,0.0,3.85269001585076e-11,1.8659011619557533e-11,1.7628617783068697e-11
16,17,374,374,374,374,374,374,2.933112641656521e-10,2.362522399934619e-10,5.056181183704857e-11,5.056181183704857e-11,1.6653345369377348e-16,1.9476563915985856e-10,5.982639621508649e-11,4.885348789219209e-10
16,18,207,207,207,207,207,207,1.690551396787976e-10,2.0533796885047195e-11,5.122062183719051e-11,5.122062183719051e-11,1.6653345369377348e-16,5.657492062919464e-10,1.4447249710744792e-10,8.834761006232703e-10
16,19,116,116,116,116,116,116,2.5241774361105904e-10,9.724399063770761e-11,4.934932180857582e-11,4.934932180857582e-11,1.6653345369377348e-16,4.76945986054268e-10,8.744951021908582e-11,5.389729389364762e-10
16,20,80,80,80,80,80,80,1.9005162031041838e-10,9.357148389455006e-11,6.816269413349845e-11,6.816269413349845e-11,2.220446049250313e-16,6.926145802465e-10,1.613413031339798e-10,9.0758728283228e-10
16,21,49,49,49,49,49,49,1.6587745586826852e-10,2.9761526576521646e-11,4.659301987784284e-11,4.659301987784284e-11,1.6653345369377348e-16,3.790166485105369e-10,9.528475562334095e-11,5.719619384629366e-10
16,22,30,30,30,30,30,30,2.236525734837749e-10,1.2896739232104437e-10,4.5799520463549204e-11,4.5799520463549204e-11,2.220446049250313e-16,3.6513848951730277e-10,8.346979226674683e-11,4.465856499055675e-10
16,23,20,20,20,20,20,20,1.7511248007195945e-10,9.34747834691052e-11,4.544909496007331e-11,4.544909496007331e-11,1.1102230246251565e-16,2.110862688778368e-10,6.368039584560001e-11,5.019757044634757e-10
16,24,16,16,16,16,16,16,1.6475668073757943e-10,4.6589621049974994e-11,4.5416876321700295e-11,4.5416876321700295e-11,1.1102230246251565e-16,1.6176392929572517e-10,5.166039680087343e-11,4.053735586443608e-10
16,25,14,14,14,14,14,14,1.6826877781775385e-10,3.462719000424386e-11,4.6217225747101306e-11,4.6217225747101306e-11,3.3306690738754696e-16,2.1852795011673386e-10,6.54043816495317e-11,5.079024941877779e-10
16,26,10,10,10,10,10,10,1.8457496317357937e-10,3.901134970618614e-11,5.0710543014704365e-11,5.0710543014704365e-11,3.885780586188048e-16,2.81068523814821e-10,7.864178720789476e-11,5.447674069944157e-10
16,27,7,7,7,7,7,7,1.0096079527954771e-10,1.9083734592584278e-11,3.950648356376805e-11,3.950648356376805e-11,3.3306690738754696e-16,1.7934097425862668e-10,5.608596840140584e-11,4.54753997693809e-10
16,28,3,3,3,3,3,3,1.6748955998166504e-10,5.659472890329198e-12,4.6220579447402355e-11,4.6220579447402355e-11,2.220446049250313e-16,1.0493697776471535e-10,5.22859513460264e-11,1.7839132890476354e-10
16,29,1,1,1,1,1,1,4.558242672203505e-12,6.964862020453211e-11,2.972074160350802e-11,2.972074160350802e-11,2.220446049250313e-16,1.1971512134673777e-10,4.021194866797883e-11,2.923068374701359e-10
17,18,368,368,368,368,368,368,3.908835477517414e-10,2.760698336601308e-10,4.660485153888976e-11,4.660485153888976e-11,2.220446049250313e-16,1.7294818607798745e-10,5.450068023551351e-11,4.366363134138003e-10
17,19,219,219,219,219,219,219,2.0630764536577928e-10,2.530120557509008e-11,5.940818533022836e-11,5.940818533022836e-11,1.6653345369377348e-16,4.97348334215111e-10,1.138277080020109e-10,5.983819763351862e-10
17,20,142,142,142,142,142,142,3.3744540837168244e-10,3.7309732648406906e-11,8.664779063391069e-11,8.664779063391069e-11,1.6653345369377348e-16,6.100888970475679e-10,1.4720272303689297e-10,9.11290119453214e-10
17,21,93,93,93,93,93,93,2.8383632637129903e-10,5.5721127493110727e-11,5.220409055700132e-11,5.220409055700132e-11,2.7755575615628914e-16,5.432913186496584e-10,1.000220510409972e-10,5.286353155950779e-10
17,22,60,60,60,60,60,60,1.678466851184196e-10,1.0272251281465118e-11,4.673701947235953e-11,4.673701947235953e-11,1.6653345369377348e-16,2.726885517020208e-10,7.420412184219004e-11,4.931724727106672e-10
17,23,41,41,41,41,41,41,1.6957713521153356e-10,3.157474282033945e-11,4.699934606076588e-11,4.699934606076588e-11,2.7755575615628914e-16,2.738048437403488e-10,7.457021126108311e-11,4.96180826434006e-10
17,24,31,31,31,31,31,31,1.7879069138918765e-10,4.265101949702617e-11,4.7358307731748013e-11,4.7358307731748013e-11,2.220446049250313e-16,2.429195417158729e-10,7.090381588098027e-11,5.264084199981999e-10
17,25,23,23,23,23,23,23,1.8754912724509458e-10,4.494853761430128e-11,4.689300447411993e-11,4.689300447411993e-11,2.7755575615628914e-16,2.38670828775334e-10,6.99628550141145e-11,5.233337677674011e-10
17,26,15,15,15,15,15,15,1.828178719520679e-10,1.439595109786751e-10,5.034540761446718e-11,5.034540761446718e-11,1.6653345369377348e-16,2.646856399235727e-10,7.55344726279415e-11,5.398956617894772e-10
17,27,11,11,11,11,11,11,1.2497066223166174e-10,5.36723895269334e-11,5.596887707748941e-11,4.226473952466055e-11,1.1102230246251565e-15,6.881720410609178e-10,6.106781441450869e-11,4.928260334071527e-10
17,28,6,6,6,6,6,6,1.6771248926546078e-10,3.414407535041288e-11,4.9983348372057605e-11,4.9983348372057605e-11,7.216449660063518e-16,2.8445392007663045e-10,7.845977785067612e-11,5.318388617162237e-10
17,29,2,2,2,2,2,2,4.991463002513509e-11,3.078176873282346e-11,2.7141740011984266e-11,2.7141740011984266e-11,8.881784197001252e-16,1.6823418506675294e-10,4.430079113526788e-11,2.8153284141102407e-10
18,19,389,389,389,389,389,389,1.7432024964139647e-10,9.742373574539442e-11,4.65839990643358e-11,4.65839990643358e-11,2.220446049250313e-16,1.3461073945815046e-10,5.3503907583899385e-11,3.2893004957942714e-10
18,20,233,233,233,233,233,233,2.5137239659892084e-10,1.2406176086443566e-10,5.218688013682503e-11,5.218688013682503e-11,2.220446049250313e-16,2.7667724697223634e-10,7.787192461203733e-11,5.445115414843375e-10
18,21,153,153,153,153,153,153,1.6833154878673207e-10,4.168365652645889e-11,4.624721595893745e-11,4.624721595893745e-11,2.220446049250313e-16,2.2851312063995887e-10,6.768280116019032e-11,5.157643549998165e-10
18,22,104,104,104,104,104,104,2.5801297103531525e-10,1.5707968259448535e-10,4.624042939712495e-11,4.624042939712495e-11,2.220446049250313e-16,3.280303563933345e-10,8.508772593397398e-11,5.288573807439109e-10
18,23,76,76,76,76,76,76,2.1521988897588894e-10,1.1872602900808715e-10,4.907846939644964e-11,4.907846939644964e-11,1.6653345369377348e-16,2.5978256237437985e-10,7.452934501710104e-11,5.373574721749835e-10
18,24,60,60,60,60,60,60,2.0524943005353754e-10,1.0854761534062618e-10,5.3908750295133435e-11,5.3908750295133435e-11,1.1102230246251565e-16,7.3469546302413e-10,1.720528417995245e-10,9.68774991151823e-10
18,25,43,43,43,43,43,43,1.879025071937651e-10,5.178972268240091e-11,4.893908255316884e-11,4.893908255316884e-11,1.6653345369377348e-16,2.683213788181249e-10,7.422333160661989e-11,5.364945953753054e-10
18,26,27,27,27,27,27,27,1.623077497056591e-10,2.501387985631709e-11,5.072414386349335e-11,5.072414386349335e-11,2.220446049250313e-16,2.812242352332096e-10,7.867371977933371e-11,5.448520951684839e-10
18,27,21,21,21,21,21,21,1.6965660473711175e-10,3.233191492313381e-11,4.610251598573985e-11,4.610251598573985e-11,3.885780586188048e-16,2.604692849847437e-10,7.038515416188187e-11,4.6308937645453223e-10
18,28,13,13,13,13,13,13,1.6837529244126404e-10,1.2128853477122448e-11,4.6224686747709126e-11,4.6224686747709126e-11,2.220446049250313e-16,2.2228782000669566e-10,6.626511451917495e-11,5.108425983410216e-10
18,29,3,3,3,3,3,3,6.527771378994629e-11,1.035260766002466e-11,2.253729150075273e-11,2.253729150075273e-11,3.885780586188048e-16,1.3239146682232928e-10,5.2665533047294534e-11,3.035628046905406e-10
19,20,384,384,384,384,384,384,1.7307974888372546e-10,6.9994010587493e-11,5.207917038840263e-11,5.207917038840263e-11,1.6653345369377348e-16,1.521984227086463e-10,5.996334986312745e-11,3.7904083982082527e-10
19,21,245,245,245,245,245,245,1.6923371341445725e-10,2.345779126500247e-11,5.224195249005532e-11,5.224195249005532e-11,1.6653345369377348e-16,2.8530674374299866e-10,7.884654567233648e-11,5.360065564516139e-10
19,22,158,158,158,158,158,158,1.6987180878526992e-10,2.6665447627749472e-11,5.041054370406624e-11,5.041054370406624e-11,1.6653345369377348e-16,2.7576051773078635e-10,7.770515980110295e-11,5.442993478051914e-10
19,23,117,117,117,117,117,117,1.9297601172781497e-10,1.0857804227865286e-10,5.551809404334491e-11,5.551809404334491e-11,2.220446049250313e-16,6.499608462963714e-10,1.4025870418436255e-10,7.347081930433335e-10
19,24,89,89,89,89,89,89,1.6933221567549256e-10,2.8213404521180014e-11,5.103990631420859e-11,5.103990631420859e-11,1.6653345369377348e-16,5.884192027645072e-10,1.5027224571171037e-10,9.191269955216708e-10
19,25,64,64,64,64,64,64,1.6951133248802042e-10,5.0611070889772236e-11,4.83382273057795e-11,4.83382273057795e-11,2.220446049250313e-16,2.5225437568922615e-10,7.293102474215094e-11,5.327585336919595e-10
19,26,41,41,41,41,41,41,2.1526845914632137e-10,6.560969248474165e-11,5.01833349279136e-11,5.01833349279136e-11,3.3306690738754696e-16,3.3861582218523913e-10,7.869731835373768e-11,5.343508504274692e-10
19,27,26,26,26,26,26,26,1.6788686586777235e-10,1.0008216477785936e-11,5.08119521951213e-11,5.08119521951213e-11,3.885780586188048e-16,2.833223435515385e-10,7.901380454630719e-11,5.446398975161822e-10
19,28,17,17,17,17,17,17,1.6679007133757473e-10,2.187650061102886e-11,4.854306979638378e-11,4.854306979638378e-11,1.6653345369377348e-16,1.191258968758482e-10,5.592661392143872e-11,2.2237940859934564e-10
19,29,5,5,5,5,5,5,7.186130163150395e-11,7.915390565216285e-11,3.6350931964856047e-11,3.6350931964856047e-11,2.220446049250313e-16,1.579909020369135e-10,5.0680836483899544e-11,3.949460403948974e-10
19,30,2,2,2,2,2,2,1.2920139957905974e-10,1.2738976540305202e-11,4.2649183589756534e-11,4.2649183589756534e-11,5.551115123125783e-17,1.0467844158030068e-10,4.919813110454139e-11,1.6487065003160894e-10
20,21,410,410,410,410,410,410,1.7375803877325846e-10,6.191097634555831e-11,4.6606469713473966e-11,4.6606469713473966e-11,1.6653345369377348e-16,1.433156105028271e-10,5.678680832981524e-11,3.289407741572492e-10
20,22,260,260,260,260,260,260,1.7615860940095596e-10,1.3152490208057088e-10,4.970740639522832e-11,4.970740639522832e-11,1.6653345369377348e-16,6.372090601973578e-10,1.379426939986953e-10,7.230738188465393e-10
20,23,183,183,183,183,183,183,1.685449027523031e-10,5.100475597430432e-12,4.654889913974406e-11,4.654889913974406e-11,2.220446049250313e-16,2.1231247327008224e-10,6.396751505683533e-11,5.029949996229058e-10
20,24,128,128,128,128,128,128,2.789434239147681e-10,1.8050052401197002e-10,4.9613846723609225e-11,4.9613846723609225e-11,2.220446049250313e-16,6.281290467221758e-10,1.4674259090973594e-10,8.25266145465788e-10
20,25,94,94,94,94,94,94,2.7123181515427205e-10,1.4365386218989948e-10,5.083366029089549e-11,5.083366029089549e-11,1.6653345369377348e-16,2.8613431716939615e-10,7.939564281584822e-11,5.430017191756634e-10
20,26,59,59,59,59,59,59,3.794131850112389e-10,2.3223791237726736e-10,4.923783568895004e-11,4.923783568895004e-11,3.3306690738754696e-16,2.6149592436103205e-10,7.488441611553754e-11,5.382988568638604e-10
20,27,40,40,40,40,40,40,2.311443041322053e-10,3.015743874163696e-11,4.658983324475114e-11,4.658983324475114e-11,2.7755575615628914e-16,5.347938808042032e-10,9.841104264253077e-11,5.201000022968732e-10
20,28,23,23,23,23,23,23,1.6342584967590779e-10,2.916522656334766e-11,4.492242863126663e-11,4.492242863126663e-11,3.3306690738754696e-16,1.9794946529510182e-10,5.245469619885507e-11,3.3600785005058214e-10
20,29,8,8,8,8,8,8,1.0364912400584458e-10,1.522977937282386e-11,2.826580885888257e-11,2.826580885888257e-11,8.326672684688674e-16,4.151886678722232e-10,4.312391444129399e-11,2.336114041514227e-10
20,30,2,2,2,2,2,2,1.4728662733887177e-11,7.955913705615103e-12,6.083572320170461e-12,6.083572320170461e-12,8.326672684688674e-17,1.172556871147575e-10,4.688171898166237e-11,2.6844630801161894e-10
21,22,418,418,418,418,418,418,1.7410225648314959e-10,8.18860534934629e-11,4.660643202895189e-11,4.660643202895189e-11,2.220446049250313e-16,1.2986996115461126e-10,5.277163482900992e-11,3.1901342073082555e-10
21,23,275,275,275,275,275,275,1.6870397505190649e-10,2.1638801861456614e-11,5.20096422450593e-11,5.20096422450593e-11,2.220446049250313e-16,2.88313399967425e-10,7.55025456565417e-11,5.399175929975676e-10
21,24,188,188,188,188,188,188,2.4248882127458784e-10,1.294165885568077e-10,5.906063887081216e-11,5.906063887081216e-11,2.7755575615628914e-16,3.861783704965957e-10,9.912030435874513e-11,6.100713901715811e-10
21,25,137,137,137,137,137,137,2.0748891493838073e-10,1.0038736508732882e-10,4.6398453198047913e-11,4.6398453198047913e-11,1.6653345369377348e-16,2.771801035088847e-10,6.141780185670287e-11,4.4543635583021245e-10
21,26,88,88,88,88,88,88,1.7874915553531052e-10,7.129963286445218e-11,4.624033103746337e-11,4.624033103746337e-11,2.7755575615628914e-16,2.1308908242293273e-10,6.414702116835121e-11,5.036098401689822e-10
21,27,61,61,61,61,61,61,1.6958929876728646e-10,2.8885005498580085e-11,5.0866239387711827e-11,5.0866239387711827e-11,2.7755575615628914e-16,2.861504317318742e-10,7.942073855369852e-11,5.434637445665727e-10
21,28,36,36,36,36,36,36,1.7163606647052632e-10,9.279204892591238e-11,4.970115098714218e-11,4.970115098714218e-11,2.7755575615628914e-16,2.7642260161872113e-10,7.594323058611141e-11,5.409225865577464e-10
21,29,17,17,17,17,17,17,1.8700138065426483e-10,8.740996815248536e-11,4.6186510006090847e-11,4.6186510006090847e-11,5.551115123125783e-16,6.189289010171238e-10,1.5654490847703312e-10,9.461672522853617e-10
21,30,7,7,7,7,7,7,1.536163035938171e-10,2.203631721542365e-11,4.683199575517208e-11,4.683199575517208e-11,1.6653345369377348e-16,2.7307893931114786e-10,7.433655437717774e-11,4.942719663656035e-10
21,31,1,1,1,1,1,1,1.5046168876252637e-11,3.8411112680503804e-11,4.447028070810503e-12,4.447028070810503e-12,5.551115123125783e-17,5.0035376457561834e-11,9.880629114930531e-12,5.207449834641622e-11
21,32,1,1,1,1,1,1,7.254373934400833e-11,1.0065916297082867e-11,1.67849455559322e-11,1.67849455559322e-11,5.551115123125783e-17,3.1690090276241307e-10,6.142531726309202e-11,3.2337589914762234e-10
22,23,438,438,438,438,438,438,2.280269306709215e-10,1.641576874433781e-10,5.22259421622007e-11,5.22259421622007e-11,2.7755575615628914e-16,1.281710205113643e-10,6.013185682307779e-11,2.8338734681204553e-10
22,24,297,297,297,297,297,297,1.8492266230298684e-10,5.783662437863768e-11,4.657390206232096e-11,4.657390206232096e-11,1.6653345369377348e-16,2.5762539888141777e-10,6.951503696808196e-11,4.868079591879911e-10
22,25,208,208,208,208,208,208,2.175709609328509e-10,7.695513964200946e-11,4.8284730022257754e-11,4.8284730022257754e-11,1.6653345369377348e-16,2.7875191747100236e-10,7.624981860105895e-11,5.18313228191315e-10
22,26,136,136,136,136,136,136,2.1228997007472457e-10,7.879175090153012e-11,4.9418338380652394e-11,4.9418338380652394e-11,2.220446049250313e-16,3.291259707935049e-10,7.52880206279981e-11,5.39368201959355e-10
22,27,91,91,91,91,91,91,1.6928181079123306e-10,3.465699949245504e-11,5.069871702837464e-11,5.069871702837464e-11,1.6653345369377348e-16,2.914070792503661e-10,7.217345901006011e-11,5.022262254831827e-10
22,28,51,51,51,51,51,51,2.1353551153317782e-10,7.253531999811562e-11,4.9230301135242234e-11,4.9230301135242234e-11,1.6653345369377348e-16,2.7622313083300566e-10,7.538105682039776e-11,5.38255613551817e-10
22,29,28,28,28,28,28,28,1.7069150152528925e-10,3.614898772363501e-11,6.226375898204381e-11,6.226375898204381e-11,3.3306690738754696e-16,5.323079262615022e-10,1.1900578338462036e-10,5.710828470180387e-10
22,30,15,15,15,15,15,15,1.2932994025759495e-10,4.170586098695139e-11,3.620744895812618e-11,3.620744895812618e-11,2.7755575615628914e-16,2.1972909055944805e-10,5.853596148582845e-11,3.7764990941152494e-10
22,31,7,7,7,7,7,7,1.3123305331427977e-10,3.5272514833517865e-11,5.065911066787205e-11,5.065911066787205e-11,2.7755575615628914e-16,2.7998618577707673e-10,7.846183712036704e-11,5.447923174086804e-10
22,32,4,4,4,4,4,4,4.238559814069656e-10,2.1259660698547123e-11,5.27070743997759e-11,5.27070743997759e-11,4.996003610813204e-16,8.60747278354823e-10,1.4699027277811679e-10,7.599836982598056e-10
23,24,440,440,440,440,440,440,1.8933736523063516e-10,1.0900480518216682e-10,5.119176832019799e-11,5.119176832019799e-11,1.6653345369377348e-16,1.3142047507350512e-10,5.895195597407636e-11,3.0130285767991586e-10
23,25,285,285,285,285,285,285,1.705147091232706e-10,2.867028836561758e-11,4.842363737595975e-11,4.842363737595975e-11,1.6653345369377348e-16,2.5307528088551456e-10,7.311020457102012e-11,5.333199340800251e-10
23,26,186,186,186,186,186,186,1.9857415416664437e-10,6.920686246303376e-11,5.074344293411235e-11,5.074344293411235e-11,1.6653345369377348e-16,2.8513319118591217e-10,7.876307936547513e-11,5.449637690251629e-10
23,27,127,127,127,127,127,127,1.735157162410442e-10,4.387540923146317e-11,4.660446936024949e-11,4.660446936024949e-11,1.6653345369377348e-16,5.990262798910367e-10,1.5298254999174152e-10,9.358179030145145e-10
23,28,76,76,76,76,76,76,2.0179205996588235e-10,9.783174270694417e-11,5.071893454770361e-11,5.071893454770361e-11,2.220446049250313e-16,4.0911331189941204e-10,1.0174341023641049e-10,6.018140433134688e-10
23,29,42,42,42,42,42,42,2.258785471975279e-10,6.654498173854326e-11,6.703798844335892e-11,6.703798844335892e-11,1.6653345369377348e-16,6.875390156036912e-10,1.6017729413313817e-10,9.0098177746822e-10
23,30,24,24,24,24,24,24,1.6432225719009708e-10,6.140213823858268e-11,4.5846321535771543e-11,4.5846321535771543e-11,1.6653345369377348e-16,2.0031701625714258e-10,6.114874923151384e-11,4.931578912969865e-10
23,31,10,10,10,10,10,10,1.6379770846966513e-10,4.2732983818183357e-11,4.702987620721105e-11,4.702987620721105e-11,1.6653345369377348e-16,5.621530907438762e-10,1.4678703624189875e-10,9.224886028750887e-10
23,32,5,5,5,5,5,5,3.6928710432227293e-10,1.0403566896854954e-11,4.713667354704605e-11,4.713667354704605e-11,2.220446049250313e-16,7.361835304711304e-10,1.273498892150301e-10,6.599833740179546e-10
23,33,1,1,1,1,1,1,2.564688739159493e-11,2.160439882548104e-11,1.7605533690385563e-12,1.7605533690385563e-12,2.7755575615628914e-17,4.583832359998889e-12,2.0681580974705876e-12,7.084731674024741e-12
24,25,445,445,445,445,445,445,2.2617219208598272e-10,1.5542078735109044e-10,7.690363131758141e-11,7.690363131758141e-11,1.6653345369377348e-16,6.354524473365803e-10,1.4493481203204854e-10,7.468939374536607e-10
24,26,276,276,276,276,276,276,1.9194378790671476e-10,7.86849755253485e-11,4.7321580435597704e-11,4.7321580435597704e-11,2.220446049250313e-16,2.425549861547593e-10,7.082608409359188e-11,5.261937850226185e-10
24,27,178,178,178,178,178,178,2.0982886827563502e-10,7.145201300342116e-11,5.075339280130622e-11,5.075339280130622e-11,1.6653345369377348e-16,2.81683514730377e-10,7.875522106493184e-11,5.449546304949572e-10
24,28,110,110,110,110,110,110,2.187273168638148e-10,1.3722347200505897e-11,5.007941878311906e-11,5.007941878311906e-11,1.6653345369377348e-16,4.328632528330096e-10,7.857853775924224e-11,5.33004407636149e-10
24,29,61,61,61,61,61,61,1.7045776433150667e-10,1.1283244943100847e-10,4.676296768239487e-11,4.676296768239487e-11,1.6653345369377348e-16,2.374788687129634e-10,6.970012080561842e-11,5.224978930243441e-10
24,30,35,35,35,35,35,35,1.5736274609767786e-10,1.059007403187938e-10,4.7098558962906713e-11,4.7098558962906713e-11,2.220446049250313e-16,3.260830771300838e-10,7.198666104110781e-11,5.247078431662458e-10
24,31,14,14,14,14,14,14,1.6253498286850077e-10,4.179478985122387e-11,4.974770719440415e-11,4.974770719440415e-11,2.7755575615628914e-16,2.7434983424494895e-10,7.605349669929362e-11,5.411737129718684e-10
24,32,5,5,5,5,5,5,2.2015972770202818e-10,1.7569723453902952e-11,4.358730948386205e-11,4.358730948386205e-11,3.3306690738754696e-16,4.362615806739802e-10,7.755469748172622e-11,4.0433151379092014e-10
24,33,1,1,1,1,1,1,3.5015365607016236e-11,1.763450496738983e-13,1.0579053998759381e-11,1.0579053998759381e-11,0.0,2.6402758825375607e-11,1.2520272563977808e-11,1.7311141443938964e-11
25,26,433,433,433,433,433,433,2.5071728027015183e-10,2.432294365917187e-10,5.1991593065308535e-11,5.1991593065308535e-11,1.6653345369377348e-16,1.373167241477142e-10,5.986410011563485e-11,3.15029614737384e-10
25,27,274,274,274,274,274,274,2.554706446389332e-10,1.850255575880142e-10,5.070418132615528e-11,5.070418132615528e-11,1.6653345369377348e-16,2.559912920028389e-10,7.37326705298189e-11,5.351414056082809e-10
25,28,164,164,164,164,164,164,1.7019012848312753e-10,5.766798150119712e-11,5.08271462761117e-11,5.08271462761117e-11,1.6653345369377348e-16,2.8347740718664255e-10,7.904961734764909e-11,5.449731911583021e-10
25,29,97,97,97,97,97,97,4.0275307874554607e-10,2.6936645002703534e-10,5.0532372884541095e-11,5.0532372884541095e-11,2.7755575615628914e-16,2.7763812469281847e-10,7.805134001680226e-11,5.446737647696817e-10
25,30,53,53,53,53,53,53,1.615259453968676e-10,1.7308932065418503e-11,5.077317274217683e-11,5.077317274217683e-11,2.220446049250313e-16,2.821637572000031e-10,7.883239128438955e-11,5.448923416754753e-10
25,31,23,23,23,23,23,23,1.660524393768542e-10,2.4546529804813308e-11,4.8506909467464064e-11,4.8506909467464064e-11,2.7755575615628914e-16,2.256599429738337e-10,6.02119986759441e-11,4.896432386603586e-10
25,32,10,10,10,10,10,10,1.6236462695162768e-10,1.0332068534069094e-11,4.497549107997199e-11,4.497549107997199e-11,2.220446049250313e-16,1.8555369187426147e-10,5.7607056454282166e-11,4.724873264391939e-10
25,33,4,4,4,4,4,4,1.1587464321394236e-10,3.34498897311839e-11,4.463998143859933e-11,4.463998143859933e-11,5.551115123125783e-17,2.576611209596739e-10,6.95138200004817e-11,5.083967824441204e-10
25,34,1,1,1,1,1,1,5.604616770682469e-11,1.2042145058899223e-11,2.8056919385315037e-11,2.8056919385315037e-11,0.0,1.1107798852817173e-10,3.771524550392738e-11,2.6984381307250716e-10
26,27,425,425,425,425,425,425,1.750960908382393e-10,9.827894054126318e-11,4.9136808556928935e-11,4.9136808556928935e-11,2.220446049250313e-16,1.2338432696197015e-10,5.660458362075106e-11,3.0191127549075053e-10
26,28,240,240,240,240,240,240,2.6968039072129847e-10,1.4150880467411753e-10,8.172583995477132e-11,8.172583995477132e-11,2.7755575615628914e-16,5.663443363763919e-10,1.4394878513777463e-10,8.75875413737814e-10
26,29,142,142,142,142,142,142,1.6812799373197573e-10,1.2520954898375716e-11,5.082673761151656e-11,5.082673761151656e-11,1.6653345369377348e-16,2.8347259525963306e-10,7.90473453827992e-11,5.44741624939424e-10
26,30,76,76,76,76,76,76,3.007072368887975e-10,1.8053492034653118e-10,4.660097741391104e-11,4.660097741391104e-11,1.6653345369377348e-16,2.331633929501457e-10,6.688152129109835e-11,5.130239221101791e-10
26,31,39,39,39,39,39,39,1.6574435704116985e-10,1.5094207164079532e-11,4.930774108909242e-11,4.930774108909242e-11,1.6653345369377348e-16,2.6223994028272543e-10,7.504209710704519e-11,5.387197727527341e-10
26,32,18,18,18,18,18,18,1.3910357588020617e-10,1.751354616885692e-11,3.986841177391739e-11,3.986841177391739e-11,2.7755575615628914e-16,1.8192499595758354e-10,5.671960721069071e-11,4.620936203814808e-10
26,33,7,7,7,7,7,7,1.6289722955947772e-10,2.763294375391405e-11,4.835521722728768e-11,4.835521722728768e-11,1.1102230246251565e-16,2.524355414092892e-10,7.29710096528096e-11,5.328589934246789e-10
26,34,3,3,3,3,3,3,1.060427301524669e-10,9.502065800859327e-12,3.873009880784389e-11,3.873009880784389e-11,2.220446049250313e-16,1.7384730181754133e-10,5.4718027481613786e-11,4.391792153546171e-10
26,35,1,1,1,1,1,1,1.6510051789250801e-10,3.853898753944374e-12,4.452909540226647e-11,4.452909540226647e-11,3.469446951953614e-18,1.0095153637835309e-10,5.0394149422843127e-11,3.061897232733392e-11
26,36,1,1,1,1,1,1,1.6783661201287547e-10,9.408435402286086e-13,4.6082535716607154e-11,4.6082535716607154e-11,3.469446951953614e-18,1.0444682808939233e-10,5.2165202008854776e-11,3.176287727698999e-11
27,28,379,379,379,379,379,379,1.73550955290952e-10,1.0438294673065229e-10,4.660598498488035e-11,4.660598498488035e-11,1.6653345369377348e-16,1.4148553952030114e-10,5.6100060186745925e-11,3.246839511890748e-10
27,29,207,207,207,207,207,207,1.914730472278552e-10,1.0422246399244273e-10,5.170979985512631e-11,5.170979985512631e-11,2.220446049250313e-16,2.6908834415140716e-10,7.642510898646015e-11,5.420495584977334e-10
27,30,103,103,103,103,103,103,1.6850489211427122e-10,7.751743691386537e-11,4.5996018500236285e-11,4.5996018500236285e-11,2.7755575615628914e-16,4.862181017046442e-10,1.266364226577529e-10,7.933439335817128e-10
27,31,53,53,53,53,53,53,2.7399582602782857e-10,1.9955592733822414e-10,4.651492921886641e-11,4.651492921886641e-11,1.6653345369377348e-16,4.817724216083558e-10,1.2537823259508218e-10,7.857382188834407e-10
27,32,26,26,26,26,26,26,1.651950650924383e-10,1.8401447030848623e-11,5.0804422487128364e-11,5.0804422487128364e-11,2.220446049250313e-16,2.8610573827491897e-10,7.936606555186682e-11,5.425958977306121e-10
27,33,11,11,11,11,11,11,1.4762510298943185e-10,6.114495959450869e-11,4.6082153049941346e-11,4.6082153049941346e-11,1.1102230246251565e-16,3.9257185102022605e-10,8.981962875475366e-11,5.102687435484525e-10
27,34,3,3,3,3,3,3,4.8036098370456094e-11,1.8160692618500312e-11,1.7172944515626182e-11,1.7172944515626182e-11,2.7755575615628914e-16,2.0922937022869675e-10,5.396031762229778e-11,3.340771473054771e-10
27,35,1,1,1,1,1,1,9.994982798225763e-11,6.258868952085071e-13,2.7364929281925298e-11,2.7364929281925298e-11,4.336808689942018e-18,6.265381124010831e-11,3.132595184506154e-11,1.806569672379896e-11
27,36,1,1,1,1,1,1,1.4006039129052864e-10,2.8166487154798747e-12,3.936791017047739e-11,3.936791017047739e-11,1.0408340855860843e-17,8.94728791465842e-11,4.4721547573246494e-11,2.743417180895587e-11
28,29,335,335,335,335,335,335,2.8574697925634375e-10,1.541104216431132e-10,5.230941136637457e-11,5.230941136637457e-11,2.7755575615628914e-16,1.9976742002709152e-10,6.102465106549566e-11,4.927399252441682e-10
28,30,167,167,167,167,167,167,1.689168386328349e-10,1.2076372014667812e-11,5.080833014089564e-11,5.080833014089564e-11,1.6653345369377348e-16,2.829634776336888e-10,7.896747627851665e-11,5.448381460461749e-10
28,31,79,79,79,79,79,79,3.0830543593165815e-10,1.2210343847129934e-10,8.691679257053188e-11,8.691679257053188e-11,2.220446049250313e-16,7.187002281527993e-10,1.6457649619810364e-10,9.095016992805741e-10
28,32,39,39,39,39,39,39,1.648249809207969e-10,3.158301398187291e-11,8.239052775737615e-11,8.239052775737615e-11,1.6653345369377348e-16,7.029548592295613e-10,1.5740731078638188e-10,7.597535898995449e-10
28,33,16,16,16,16,16,16,1.1802847651321636e-10,3.21681570270016e-12,5.8155007748848065e-11,5.8155007748848065e-11,1.6653345369377348e-16,5.625126493562356e-10,1.2757526298505254e-10,6.470033228517458e-10
28,34,5,5,5,5,5,5,1.3399856398088605e-10,1.1636972321175208e-11,3.609867182348891e-11,3.609867182348891e-11,1.1102230246251565e-16,1.6440550707677867e-10,4.097224815272337e-11,2.481906282602886e-10
28,35,3,3,3,3,3,3,1.5605790618100635e-10,1.696626172886795e-11,4.392250120182639e-11,4.392250120182639e-11,1.1102230246251565e-16,1.1727941311215207e-10,4.9716299975409194e-11,2.685455450352454e-10
28,36,2,2,2,2,2,2,1.677039071848463e-10,9.2192919964873e-13,4.6221212551725984e-11,4.6221212551725984e-11,8.326672684688674e-17,1.0493735681434163e-10,5.2286767499836896e-11,3.13578091739327e-11
29,30,291,291,291,291,291,291,1.716463568501858e-10,6.581873934763394e-11,4.823640795367355e-11,4.823640795367355e-11,1.6653345369377348e-16,2.5123152842641794e-10,7.271720198837002e-11,5.321315568694593e-10
29,31,122,122,122,122,122,122,1.7002827108498347e-10,4.4968695434022266e-11,4.9857437150076196e-11,4.9857437150076196e-11,1.6653345369377348e-16,3.3774982306479466e-10,8.752340920315562e-11,5.450285674644246e-10
29,32,60,60,60,60,60,60,1.6893458095086633e-10,1.9822365970867395e-11,4.8769755053154236e-11,4.8769755053154236e-11,1.6653345369377348e-16,3.075397775440071e-10,7.96131890093705e-11,5.354836150984424e-10
29,33,27,27,27,27,27,27,1.768680405085311e-10,3.273680110827025e-11,4.928536229074363e-11,4.928536229074363e-11,1.6653345369377348e-16,2.7937616139628664e-10,7.646397598082676e-11,5.124201447100432e-10
29,34,10,10,10,10,10,10,1.7208462899011984e-10,3.138984688418638e-11,4.8026259786652944e-11,4.8026259786652944e-11,1.6653345369377348e-16,2.7797652121339394e-10,7.597493411979276e-11,5.080889540723952e-10
29,35,7,7,7,7,7,7,1.5967721676141133e-10,1.0240137866997916e-11,4.503892653717674e-11,4.503892653717674e-11,2.220446049250313e-16,2.2247049335234754e-10,6.631018034405391e-11,5.110526542422739e-10
29,36,6,6,6,6,6,6,1.7696430034884425e-10,5.0370485560335965e-11,5.056126528263752e-11,5.056126528263752e-11,1.6653345369377348e-16,2.781670893841162e-10,7.814421771967805e-11,5.446983755144317e-10
30,31,249,249,249,249,249,249,1.6956969032047575e-10,2.3458901488027095e-11,4.9341383114502526e-11,4.9341383114502526e-11,1.1102230246251565e-16,1.7066202296071023e-10,5.68382041051357e-11,4.3020413528849717e-10
30,32,126,126,126,126,126,126,1.6995754976989463e-10,1.157908768867344e-10,4.624675870029826e-11,4.624675870029826e-11,2.220446049250313e-16,2.120443818204633e-10,6.39044872569968e-11,5.027788401118244e-10
30,33,62,62,62,62,62,62,1.6854014451422872e-10,3.81004117144812e-11,4.612546656869612e-11,4.612546656869612e-11,1.6653345369377348e-16,2.065348443338276e-10,6.26182784168654e-11,4.983106282938455e-10
30,34,31,31,31,31,31,31,1.6490402229493717e-10,3.626543509938074e-11,5.195375702290108e-11,5.195375702290108e-11,1.6653345369377348e-16,2.702642050496967e-10,7.665708835084964e-11,5.425159305944006e-10
30,35,25,25,25,25,25,25,2.168705931822174e-10,6.7945558515081e-11,4.994881904602772e-11,4.994881904602772e-11,2.220446049250313e-16,2.8443275033454784e-10,7.842763247810567e-11,5.313490878161931e-10
30,36,20,20,20,20,20,20,3.05827064190409e-10,3.145694815742672e-11,8.057534291519429e-11,8.057534291519429e-11,1.6653345369377348e-16,7.436827283539634e-10,1.730127846306082e-10,9.743624255247192e-10
31,32,276,276,276,276,276,276,1.72891547866455e-10,8.979850196766392e-11,4.983097926606339e-11,4.983097926606339e-11,1.6653345369377348e-16,1.4698976377103325e-10,5.7397206400810533e-11,3.6485546959804337e-10
31,33,139,139,139,139,139,139,1.7522675909786068e-10,4.173454265301377e-11,5.232003927225658e-11,5.232003927225658e-11,2.220446049250313e-16,2.738406356339204e-10,7.458095707246854e-11,5.198041150692947e-10
31,34,83,83,83,83,83,83,1.6751604443865364e-10,1.1572742764087707e-11,4.61591824010442e-11,4.61591824010442e-11,1.6653345369377348e-16,2.552870548677496e-10,6.881899039995145e-11,4.6148343345704774e-10
31,35,63,63,63,63,63,63,1.664246409953385e-10,9.802758604848805e-11,4.7308156753592904e-11,4.7308156753592904e-11,2.220446049250313e-16,2.4243569442122296e-10,7.080156276436329e-11,5.260994455695404e-10
31,36,46,46,46,46,46,46,1.688186947006176e-10,3.3211322580939395e-11,4.6191904265557855e-11,4.6191904265557855e-11,2.220446049250313e-16,5.094660537743219e-10,1.3293760541059999e-10,8.32913434539572e-10
32,33,298,298,298,298,298,298,1.7250105510679958e-10,5.894618126944806e-11,5.0157084748145975e-11,5.0157084748145975e-11,1.6653345369377348e-16,1.4024856331048427e-10,5.7769463615884277e-11,3.226559802654592e-10
32,34,168,168,168,168,168,168,1.6911996998138223e-10,2.0124235611262975e-11,5.14708768103127e-11,5.14708768103127e-11,1.6653345369377348e-16,2.214437449389652e-10,6.607525298888264e-11,5.102724124673135e-10
32,35,123,123,123,123,123,123,1.938877474577235e-10,1.9604419528923224e-11,6.753944593831569e-11,5.033497103114234e-11,1.6653345369377348e-16,9.544090962936392e-10,9.3049657784993e-11,5.154130572834261e-10
32,36,89,89,89,89,89,89,1.692118493934469e-10,3.701405848488548e-11,4.818572024163165e-11,4.818572024163165e-11,2.220446049250313e-16,6.728512084379998e-10,1.5223396122922595e-10,8.201183537561957e-10
33,34,334,334,334,334,334,334,1.6920544674593752e-10,1.1441958491786863e-11,4.9761703921724577e-11,4.9761703921724577e-11,1.6653345369377348e-16,1.4229530015120033e-10,5.731740504508537e-11,3.2656868158961956e-10
33,35,216,216,216,216,216,216,3.1026622775332577e-10,4.3855652517083055e-11,8.613712379282668e-11,8.613712379282668e-11,2.220446049250313e-16,7.789042896764414e-10,1.6998874735766952e-10,8.965044812860194e-10
33,36,142,142,142,142,142,142,1.9906117451261352e-10,5.966771521315195e-11,5.2383984312853075e-11,4.824326183429493e-11,3.3306690738754696e-16,8.062825439455229e-10,9.254940491774789e-11,5.767404119598988e-10
34,35,392,392,392,392,392,392,1.994088227874613e-10,8.689038377696079e-11,4.7614455990728467e-11,4.7614455990728467e-11,1.6653345369377348e-16,1.7171959964132924e-10,5.4865974882494654e-11,4.3317509386918404e-10
34,36,240,240,240,240,240,240,3.639968000502352e-10,3.1974312086902046e-11,5.007008705294214e-11,5.007008705294214e-11,3.3306690738754696e-16,7.099474666553896e-10,1.2311205689361813e-10,7.075398525404976e-10
35,36,381,381,381,381,381,381,1.7268561537317484e-10,6.08422201509029e-11,4.6561148912830825e-11,4.6561148912830825e-11,1.6653345369377348e-16,1.3720013074912308e-10,5.4479589313101146e-11,3.317586264768584e-10
