suite,parameter,parameter_value,cases,certified_rate,fallback_required_rate,pass_rate,regular_count,boundary_count,affine_count,mean_iterations,max_iterations,mean_bisections,max_bisections,max_normalized_feasibility_residual,max_normalized_kkt_residual,min_endpoint_margin,max_normalized_rank_two_identity_residual,max_residual_root_condition,max_condition_to_bound_ratio,max_hessian_condition,max_relative_reconstruction_error,max_lambda_bar_absolute_error,max_lambda_bar_relative_error
a_to_affine,a_raw,0.00000000000000000e+00,4,1.00000000000000000e+00,0.00000000000000000e+00,1.00000000000000000e+00,0,0,4,0.00000000000000000e+00,0,0.00000000000000000e+00,0,9.71445146547011973e-17,9.23658088751805287e-18,1.00000000000000000e+00,0.00000000000000000e+00,0.00000000000000000e+00,0.00000000000000000e+00,1.00000000000000000e+00,0.00000000000000000e+00,0.00000000000000000e+00,0.00000000000000000e+00
a_to_affine,a_raw,9.99999999999999980e-13,4,1.00000000000000000e+00,0.00000000000000000e+00,1.00000000000000000e+00,4,0,0,6.75000000000000000e+00,8,0.00000000000000000e+00,0,1.55221820659938998e-16,9.68804239791735776e-17,3.99999999999999856e-01,5.82305430374286992e-65,5.70606801357417245e+23,1.19516689317229141e-01,4.00000000000000178e+00,4.69214945281313107e-16,1.34217728000000000e+08,2.57667544559460433e-16
a_to_affine,a_raw,1.00000000000000004e-10,4,1.00000000000000000e+00,0.00000000000000000e+00,1.00000000000000000e+00,4,0,0,6.75000000000000000e+00,8,0.00000000000000000e+00,0,1.49134690437980592e-16,1.22522641571778074e-16,3.99999999999999800e-01,2.68709196951704175e-57,5.70606801357417185e+19,1.19516689317229141e-01,4.00000000000000266e+00,4.25920703640503886e-16,1.63840000000000000e+04,3.22761880043457656e-16
a_to_affine,a_raw,1.00000000000000002e-08,4,1.00000000000000000e+00,0.00000000000000000e+00,1.00000000000000000e+00,4,0,0,6.75000000000000000e+00,8,0.00000000000000000e+00,0,1.24409210478187713e-16,8.50013843708443280e-17,3.99999999999999967e-01,6.78007529180483765e-49,5.70606801357417400e+15,1.19516689317229169e-01,4.00000000000000089e+00,3.72208863776004006e-16,1.00000000000000000e+00,2.24045074156931000e-16
a_to_affine,a_raw,9.99999999999999955e-07,4,1.00000000000000000e+00,0.00000000000000000e+00,1.00000000000000000e+00,4,0,0,6.75000000000000000e+00,8,0.00000000000000000e+00,0,8.52198231074174881e-17,5.69613242732313481e-17,3.99999999999999856e-01,4.55766723825095082e-41,5.70606801357417236e+11,1.19516689317229099e-01,4.00000000000000178e+00,3.58448413848839170e-16,1.22070312500000000e-04,2.40476340087844181e-16
a_to_affine,a_raw,1.00000000000000005e-04,4,1.00000000000000000e+00,0.00000000000000000e+00,1.00000000000000000e+00,4,0,0,6.75000000000000000e+00,8,0.00000000000000000e+00,0,1.61731973621644030e-16,6.38403471695243790e-17,3.99999999999999911e-01,1.01399135015631385e-32,5.70606801357417256e+07,1.19516689317229155e-01,4.00000000000000089e+00,4.08689288009140167e-16,1.49011611938476562e-08,2.86068440668541589e-16
a_to_affine,a_raw,1.00000000000000002e-02,4,1.00000000000000000e+00,0.00000000000000000e+00,1.00000000000000000e+00,4,0,0,6.75000000000000000e+00,8,0.00000000000000000e+00,0,8.70864473347314091e-17,9.08020323526389786e-17,3.99999999999999856e-01,7.88203333795252361e-25,5.70606801357417407e+03,1.19516689317229099e-01,4.00000000000000178e+00,3.30763588479906963e-16,9.09494701772928238e-13,1.79168835347774776e-16
a_to_affine,a_raw,1.00000000000000000e+00,4,1.00000000000000000e+00,0.00000000000000000e+00,1.00000000000000000e+00,4,0,0,6.75000000000000000e+00,8,0.00000000000000000e+00,0,8.52198231074174881e-17,6.80265022308205374e-17,3.99999999999999967e-01,6.49880071557290321e-17,5.70606801357417370e-01,1.19516689317229155e-01,4.00000000000000089e+00,3.10316769155909140e-16,2.22044604925031308e-16,2.22044604925031308e-16
b_over_a,b_over_a,0.00000000000000000e+00,4,1.00000000000000000e+00,0.00000000000000000e+00,1.00000000000000000e+00,4,0,0,5.75000000000000000e+00,7,0.00000000000000000e+00,0,9.17871498588710081e-16,6.17992816474137713e-17,3.99999999999999245e-01,2.77779476470626954e-18,9.58845450995704951e-01,1.21543188801638780e-01,4.00000000000000977e+00,1.61841426228473428e-15,7.77156117237609578e-16,7.77156117237609578e-16
b_over_a,b_over_a,9.99999999999999980e-13,4,1.00000000000000000e+00,0.00000000000000000e+00,1.00000000000000000e+00,4,0,0,5.75000000000000000e+00,7,0.00000000000000000e+00,0,9.55082505288200346e-16,5.59597262058318146e-17,3.99999999999999245e-01,1.36519371151532875e-17,9.58845450994667226e-01,1.21543188801635518e-01,4.00000000000000977e+00,1.62435341715111782e-15,7.77156117237609578e-16,7.77156117237609578e-16
b_over_a,b_over_a,1.00000000000000004e-10,4,1.00000000000000000e+00,0.00000000000000000e+00,1.00000000000000000e+00,4,0,0,5.75000000000000000e+00,7,0.00000000000000000e+00,0,9.36477001933394079e-16,5.00690857980490247e-17,3.99999999999999079e-01,5.61792183997340242e-18,9.58845450891967710e-01,1.21543188801312471e-01,4.00000000000001155e+00,1.84777937141036727e-15,8.88178419700125232e-16,8.88178419700125232e-16
b_over_a,b_over_a,1.00000000000000002e-08,4,1.00000000000000000e+00,0.00000000000000000e+00,1.00000000000000000e+00,4,0,0,5.75000000000000000e+00,7,0.00000000000000000e+00,0,9.55082504769455078e-16,4.80411631653220646e-17,3.99999999999999079e-01,2.54183488424020976e-17,9.58845440621999834e-01,1.21543188769008548e-01,4.00000000000001155e+00,1.84214238375059101e-15,7.77156117237609578e-16,7.77156117237609578e-16
b_over_a,b_over_a,9.99999999999999955e-07,4,1.00000000000000000e+00,0.00000000000000000e+00,1.00000000000000000e+00,4,0,0,5.75000000000000000e+00,7,0.00000000000000000e+00,0,9.30275116956405311e-16,9.65276402487886287e-17,3.99999999999999190e-01,8.21025993548390568e-18,9.58844413625854597e-01,1.21543185538617537e-01,4.00000000000000977e+00,1.61841426228473428e-15,7.77156117237609578e-16,7.77156117237609578e-16
b_over_a,b_over_a,1.00000000000000005e-04,4,1.00000000000000000e+00,0.00000000000000000e+00,1.00000000000000000e+00,4,0,0,5.75000000000000000e+00,7,0.00000000000000000e+00,0,9.73682720055806171e-16,4.82239194085071450e-17,3.99999999999999190e-01,1.86244918322879826e-17,9.58741720742373404e-01,1.21542862507789493e-01,4.00000000000000977e+00,1.61841426228473428e-15,7.77156117237609578e-16,7.77156117237609578e-16
b_over_a,b_over_a,1.00000000000000002e-02,4,1.00000000000000000e+00,0.00000000000000000e+00,1.00000000000000000e+00,4,0,0,5.75000000000000000e+00,7,0.00000000000000000e+00,0,9.11178673803557531e-16,7.75516104035032691e-17,3.99999999999999134e-01,6.91034867904535180e-18,9.48539353997614465e-01,1.21510642965748775e-01,4.00000000000001066e+00,1.77331847483622604e-15,7.77156117237609578e-16,7.77156117237609578e-16
b_over_a,b_over_a,1.00000000000000006e-01,4,1.00000000000000000e+00,0.00000000000000000e+00,1.00000000000000000e+00,4,0,0,5.75000000000000000e+00,7,0.00000000000000000e+00,0,1.93764939936732719e-15,6.43287444985628274e-17,3.99999999999998246e-01,2.55324883112526861e-17,8.61532989219143119e-01,1.21224941043976173e-01,4.00000000000002132e+00,3.66930389246002484e-15,1.66533453693773481e-15,1.66533453693773481e-15
b_over_a,b_over_a,5.00000000000000000e-01,4,1.00000000000000000e+00,0.00000000000000000e+00,1.00000000000000000e+00,4,0,0,6.75000000000000000e+00,8,0.00000000000000000e+00,0,8.52198231074174881e-17,6.80265022308205374e-17,3.99999999999999967e-01,6.49880071557290321e-17,5.70606801357417370e-01,1.19516689317229155e-01,4.00000000000000089e+00,3.10316769155909140e-16,2.22044604925031308e-16,2.22044604925031308e-16
b_over_a,b_over_a,9.00000000000000022e-01,4,1.00000000000000000e+00,0.00000000000000000e+00,1.00000000000000000e+00,4,0,0,7.50000000000000000e+00,8,0.00000000000000000e+00,0,2.14266180436929827e-15,7.46435746670119149e-17,3.99999999999998079e-01,7.39381157762826967e-17,3.74575438868666288e-01,1.12627042218128873e-01,4.00000000000002398e+00,3.98947177711738175e-15,1.77635683940025046e-15,1.77635683940025046e-15
b_over_a,b_over_a,1.00000000000000000e+00,4,1.00000000000000000e+00,0.00000000000000000e+00,1.00000000000000000e+00,4,0,0,8.00000000000000000e+00,8,0.00000000000000000e+00,0,6.03382078600628522e-17,6.75265892340575945e-17,4.00000000000000022e-01,1.25195076661413240e-16,3.33000000000000018e-01,1.08800000000000105e-01,4.00000000000000000e+00,2.35513868802566238e-16,5.55111512312578270e-17,5.55111512312578270e-17
common_coefficient_scale,scale,9.99999999999999982e-201,4,1.00000000000000000e+00,0.00000000000000000e+00,1.00000000000000000e+00,4,0,0,6.75000000000000000e+00,8,0.00000000000000000e+00,0,8.52198231074174881e-17,1.16320558314630164e-16,3.99999999999999856e-01,6.49880071557290321e-17,5.70606801357417370e-01,1.19516689317229155e-01,4.00000000000000178e+00,2.55893763326045161e-16,1.11022302462515654e-16,1.11022302462515654e-16
common_coefficient_scale,scale,1.00000000000000001e-150,4,1.00000000000000000e+00,0.00000000000000000e+00,1.00000000000000000e+00,4,0,0,6.75000000000000000e+00,8,0.00000000000000000e+00,0,2.31310948434418939e-16,6.74033186105780077e-17,3.99999999999999967e-01,6.49880071557290321e-17,5.70606801357417370e-01,1.19516689317229141e-01,4.00000000000000089e+00,2.96348452778242045e-16,2.22044604925031308e-16,2.22044604925031308e-16
common_coefficient_scale,scale,1.00000000000000002e-100,4,1.00000000000000000e+00,0.00000000000000000e+00,1.00000000000000000e+00,4,0,0,6.75000000000000000e+00,8,0.00000000000000000e+00,0,9.95273683825501977e-17,7.00757231248735384e-17,3.99999999999999967e-01,5.36064255382944059e-17,5.70606801357417370e-01,1.19516689317229127e-01,4.00000000000000089e+00,3.10316769155909140e-16,1.11022302462515654e-16,1.11022302462515654e-16
common_coefficient_scale,scale,1.00000000000000001e-50,4,1.00000000000000000e+00,0.00000000000000000e+00,1.00000000000000000e+00,4,0,0,6.75000000000000000e+00,8,0.00000000000000000e+00,0,8.52198231074174881e-17,5.28049131181092623e-17,3.99999999999999967e-01,5.36064255382944059e-17,5.70606801357417370e-01,1.19516689317229141e-01,4.00000000000000089e+00,5.57880165459372909e-16,3.33066907387546962e-16,3.33066907387546962e-16
common_coefficient_scale,scale,9.99999999999999945e-21,4,1.00000000000000000e+00,0.00000000000000000e+00,1.00000000000000000e+00,4,0,0,6.75000000000000000e+00,8,0.00000000000000000e+00,0,7.00019975525215099e-17,5.26872406006124729e-17,3.99999999999999967e-01,4.95055763405761747e-17,5.70606801357417370e-01,1.19516689317229141e-01,4.00000000000000089e+00,3.04047097224405882e-16,1.11022302462515654e-16,1.11022302462515654e-16
common_coefficient_scale,scale,1.00000000000000000e+00,4,1.00000000000000000e+00,0.00000000000000000e+00,1.00000000000000000e+00,4,0,0,6.75000000000000000e+00,8,0.00000000000000000e+00,0,8.52198231074174881e-17,6.80265022308205374e-17,3.99999999999999967e-01,6.49880071557290321e-17,5.70606801357417370e-01,1.19516689317229155e-01,4.00000000000000089e+00,3.10316769155909140e-16,2.22044604925031308e-16,2.22044604925031308e-16
common_coefficient_scale,scale,1.00000000000000000e+20,4,1.00000000000000000e+00,0.00000000000000000e+00,1.00000000000000000e+00,4,0,0,6.75000000000000000e+00,8,0.00000000000000000e+00,0,2.31310948434418939e-16,6.80265022308205374e-17,3.99999999999999967e-01,6.49880071557290321e-17,5.70606801357417370e-01,1.19516689317229155e-01,4.00000000000000089e+00,4.40606103446415495e-16,1.11022302462515654e-16,1.11022302462515654e-16
common_coefficient_scale,scale,1.00000000000000008e+50,4,1.00000000000000000e+00,0.00000000000000000e+00,1.00000000000000000e+00,4,0,0,6.75000000000000000e+00,8,0.00000000000000000e+00,0,7.00019975525215099e-17,7.93954881560923533e-17,3.99999999999999967e-01,4.95055763405761747e-17,5.70606801357417370e-01,1.19516689317229155e-01,4.00000000000000089e+00,2.30555126737810169e-16,2.22044604925031308e-16,2.22044604925031308e-16
common_coefficient_scale,scale,1.00000000000000002e+100,4,1.00000000000000000e+00,0.00000000000000000e+00,1.00000000000000000e+00,4,0,0,6.75000000000000000e+00,8,0.00000000000000000e+00,0,2.31310948434418939e-16,1.14592883360569844e-16,3.99999999999999967e-01,4.09726013925640368e-17,5.70606801357417370e-01,1.19516689317229155e-01,4.00000000000000089e+00,3.61888430622384025e-16,2.22044604925031308e-16,2.22044604925031308e-16
common_coefficient_scale,scale,9.99999999999999981e+149,4,1.00000000000000000e+00,0.00000000000000000e+00,1.00000000000000000e+00,4,0,0,6.75000000000000000e+00,8,0.00000000000000000e+00,0,8.52198231074174881e-17,1.09141010018378918e-16,3.99999999999999967e-01,5.36064255382944059e-17,5.70606801357417370e-01,1.19516689317229169e-01,4.00000000000000089e+00,2.45130606544514899e-16,1.11022302462515654e-16,1.11022302462515654e-16
common_coefficient_scale,scale,9.99999999999999970e+199,4,1.00000000000000000e+00,0.00000000000000000e+00,1.00000000000000000e+00,4,0,0,6.75000000000000000e+00,8,0.00000000000000000e+00,0,2.31310948434418939e-16,5.29131482349703039e-17,3.99999999999999967e-01,2.99516991203837298e-17,5.70606801357417370e-01,1.19516689317229155e-01,4.00000000000000089e+00,2.88444402957534597e-16,2.22044604925031308e-16,2.22044604925031308e-16
endpoint_margin,one_minus_mu,0.00000000000000000e+00,4,1.00000000000000000e+00,0.00000000000000000e+00,1.00000000000000000e+00,0,4,0,0.00000000000000000e+00,0,0.00000000000000000e+00,0,3.38276642412824877e-17,3.81268727748509404e-17,0.00000000000000000e+00,2.07310163548833208e-17,0.00000000000000000e+00,0.00000000000000000e+00,inf,0.00000000000000000e+00,0.00000000000000000e+00,0.00000000000000000e+00
endpoint_margin,one_minus_mu,9.99999999999999980e-13,4,1.00000000000000000e+00,0.00000000000000000e+00,1.00000000000000000e+00,4,0,0,8.50000000000000000e+01,85,4.10000000000000000e+01,41,7.24058494320844502e-17,1.12875448189345982e-16,9.99866855977610255e-13,3.46944695195419228e-17,1.21749821221245581e-11,1.74975405352019574e-12,2.00026632350316211e+12,4.11681715778192846e-16,0.00000000000000000e+00,0.00000000000000000e+00
endpoint_margin,one_minus_mu,1.00000000000000004e-10,4,1.00000000000000000e+00,0.00000000000000000e+00,1.00000000000000000e+00,4,0,0,7.10000000000000000e+01,71,3.30000000000000000e+01,33,5.63794404031696690e-17,6.87237502344490673e-17,9.99999287449291983e-11,2.02601704425434446e-17,1.21723331519273549e-09,1.74999781140983901e-10,2.00000142500243149e+10,4.44089209850062616e-16,0.00000000000000000e+00,0.00000000000000000e+00
endpoint_margin,one_minus_mu,1.00000000000000002e-08,4,1.00000000000000000e+00,0.00000000000000000e+00,1.00000000000000000e+00,4,0,0,5.80000000000000000e+01,58,2.70000000000000000e+01,27,7.21759896841368430e-17,1.12268926723046772e-16,9.99999997943546631e-09,2.41051743154232294e-17,1.21723445925529592e-07,1.74999977549503249e-08,1.99999999411290675e+08,4.79207207633265389e-16,0.00000000000000000e+00,0.00000000000000000e+00
endpoint_margin,one_minus_mu,9.99999999999999955e-07,4,1.00000000000000000e+00,0.00000000000000000e+00,1.00000000000000000e+00,4,0,0,4.50000000000000000e+01,45,2.20000000000000000e+01,22,1.05179039070135240e-16,1.65388209683485278e-16,9.99999999962519594e-07,6.37629436906982070e-17,1.21722120680865899e-05,1.74997904206867740e-06,1.99999900007496076e+06,8.50969834418118872e-16,0.00000000000000000e+00,0.00000000000000000e+00
endpoint_margin,one_minus_mu,1.00000000000000005e-04,4,1.00000000000000000e+00,0.00000000000000000e+00,1.00000000000000000e+00,4,0,0,3.10000000000000000e+01,31,1.30000000000000000e+01,13,2.33978961262649185e-16,1.18862186310393045e-16,9.99999999998693313e-05,1.55405843457845411e-17,1.21589980977967571e-03,1.74790669186885482e-04,1.99990000000261352e+04,5.71522281777425745e-16,0.00000000000000000e+00,0.00000000000000000e+00
endpoint_margin,one_minus_mu,1.00000000000000002e-02,4,1.00000000000000000e+00,0.00000000000000000e+00,1.00000000000000000e+00,4,0,0,1.80000000000000000e+01,18,7.00000000000000000e+00,7,4.81784380122591289e-17,9.29076867528684066e-17,9.99999999999999327e-03,2.00274587644848579e-17,1.09605909054563841e-01,1.56297057838164326e-02,1.99000000000000142e+02,4.65736626711736920e-16,0.00000000000000000e+00,0.00000000000000000e+00
endpoint_margin,one_minus_mu,1.00000000000000006e-01,4,1.00000000000000000e+00,0.00000000000000000e+00,1.00000000000000000e+00,4,0,0,1.10000000000000000e+01,11,2.50000000000000000e+00,3,3.44596324351778156e-17,4.80443585881411724e-17,9.99999999999999500e-02,5.39467225542050412e-17,5.54804057495270619e-01,7.98373943923560703e-02,1.90000000000000107e+01,3.21867807355425356e-16,2.22044604925031308e-16,1.82075278726451767e-16
endpoint_margin,one_minus_mu,5.00000000000000000e-01,4,1.00000000000000000e+00,0.00000000000000000e+00,1.00000000000000000e+00,4,0,0,1.22500000000000000e+01,30,7.00000000000000000e+00,28,9.89255192643953373e-15,1.08147573204665976e-16,4.99999999999991118e-01,8.97804254932197862e-17,4.65097755401720270e-01,1.22472682349665893e-01,3.00000000000007105e+00,1.50295865318141785e-14,7.16093850883225969e-15,7.16093850883225969e-15
near_equal_singular_values,one_minus_b_over_a,0.00000000000000000e+00,4,1.00000000000000000e+00,0.00000000000000000e+00,1.00000000000000000e+00,4,0,0,8.00000000000000000e+00,8,0.00000000000000000e+00,0,6.03382078600628522e-17,6.75265892340575945e-17,4.00000000000000022e-01,1.25195076661413240e-16,3.33000000000000018e-01,1.08800000000000105e-01,4.00000000000000000e+00,2.35513868802566238e-16,5.55111512312578270e-17,5.55111512312578270e-17
near_equal_singular_values,one_minus_b_over_a,9.99999999999999999e-15,4,1.00000000000000000e+00,0.00000000000000000e+00,1.00000000000000000e+00,4,0,0,8.00000000000000000e+00,8,0.00000000000000000e+00,0,7.84396702180817153e-17,7.97540047936206460e-17,4.00000000000000022e-01,6.80357043821272612e-17,3.33000000000004071e-01,1.08800000000000494e-01,4.00000000000000000e+00,1.24126707662363656e-16,0.00000000000000000e+00,0.00000000000000000e+00
near_equal_singular_values,one_minus_b_over_a,9.99999999999999980e-13,4,1.00000000000000000e+00,0.00000000000000000e+00,1.00000000000000000e+00,4,0,0,8.00000000000000000e+00,8,0.00000000000000000e+00,0,9.65411325761017493e-17,1.03610097663209606e-16,3.99999999999999856e-01,1.09155872550862089e-16,3.33000000000408247e-01,1.08800000000044833e-01,4.00000000000000178e+00,5.48128699599290049e-16,1.66533453693773481e-16,1.66533453693773481e-16
near_equal_singular_values,one_minus_b_over_a,1.00000000000000004e-10,4,1.00000000000000000e+00,0.00000000000000000e+00,1.00000000000000000e+00,4,0,0,8.00000000000000000e+00,8,0.00000000000000000e+00,0,8.44734910044846398e-17,4.85423861957283704e-17,4.00000000000000022e-01,1.78672523211921518e-16,3.33000000040837574e-01,1.08800000004486183e-01,4.00000000000000000e+00,4.61944842852591818e-16,1.66533453693773481e-16,1.66533453693773481e-16
near_equal_singular_values,one_minus_b_over_a,1.00000000000000002e-08,4,1.00000000000000000e+00,0.00000000000000000e+00,1.00000000000000000e+00,4,0,0,8.00000000000000000e+00,8,0.00000000000000000e+00,0,7.24058494408480046e-17,6.37582936459135247e-17,3.99999999999999967e-01,1.17767676311547902e-16,3.33000004083750079e-01,1.08800000448615361e-01,4.00000000000000089e+00,2.35513868802566238e-16,1.11022302462515654e-16,1.11022302462515654e-16
near_equal_singular_values,one_minus_b_over_a,9.99999999999999955e-07,4,1.00000000000000000e+00,0.00000000000000000e+00,1.00000000000000000e+00,4,0,0,8.00000000000000000e+00,8,0.00000000000000000e+00,0,1.20676426015203044e-16,6.11114451496798927e-17,4.00000000000000022e-01,1.05992724941005308e-16,3.33000408375057955e-01,1.08800044861465980e-01,4.00000000000000000e+00,3.28408399535829794e-16,5.55111512312578270e-17,5.55111512312578270e-17
near_equal_singular_values,one_minus_b_over_a,1.00000000000000005e-04,4,1.00000000000000000e+00,0.00000000000000000e+00,1.00000000000000000e+00,4,0,0,8.00000000000000000e+00,8,0.00000000000000000e+00,0,1.56879530522105133e-16,6.24019595730184770e-17,3.99999999999999911e-01,1.50148628279485032e-16,3.33040838077960699e-01,1.08804485429230421e-01,4.00000000000000089e+00,3.04047097224405882e-16,1.11022302462515654e-16,1.11022302462515654e-16
near_equal_singular_values,one_minus_b_over_a,1.00000000000000002e-02,4,1.00000000000000000e+00,0.00000000000000000e+00,1.00000000000000000e+00,4,0,0,8.00000000000000000e+00,8,0.00000000000000000e+00,0,4.83142953053746566e-17,8.89402447494102248e-17,3.99999999999999911e-01,6.86980482655515383e-17,3.37089692542443364e-01,1.09241438662884618e-01,4.00000000000000089e+00,1.84109660314757385e-16,1.11022302462515654e-16,1.11022302462515654e-16
